container,level,msg,pod,request,status,statuscode,time,type,url
title,info,Liveness check performed,title-v1-6c9f679468-k6xqm,GET,OK,200,2020-06-17T10:32:09Z,liveness-check,http://172.17.0.15:8081
title,info,Liveness check performed,title-v1-6c9f679468-k6xqm,GET,OK,200,2020-06-17T10:32:39Z,liveness-check,http://172.17.0.15:8081
title,info,Liveness check performed,title-v1-6c9f679468-k6xqm,GET,OK,200,2020-06-17T10:33:09Z,liveness-check,http://172.17.0.15:8081
title,info,Liveness check performed,title-v1-6c9f679468-k6xqm,GET,OK,200,2020-06-17T10:33:39Z,liveness-check,http://172.17.0.15:8081
title,info,Liveness check performed,title-v3-664c9b949b-cpt8j,GET,OK,200,2020-06-17T10:33:39Z,liveness-check,http://172.17.0.16:8081
title,info,Liveness check performed,title-v1-6c9f679468-k6xqm,GET,OK,200,2020-06-17T10:34:09Z,liveness-check,http://172.17.0.15:8081
title,info,Liveness check performed,title-v3-664c9b949b-cpt8j,GET,OK,200,2020-06-17T10:34:09Z,liveness-check,http://172.17.0.16:8081
title,info,Liveness check performed,title-v1-6c9f679468-k6xqm,GET,OK,200,2020-06-17T10:34:39Z,liveness-check,http://172.17.0.15:8081
title,info,Liveness check performed,title-v3-664c9b949b-cpt8j,GET,OK,200,2020-06-17T10:34:39Z,liveness-check,http://172.17.0.16:8081
title,info,Liveness check performed,title-v1-6c9f679468-k6xqm,GET,OK,200,2020-06-17T10:35:09Z,liveness-check,http://172.17.0.15:8081
title,info,Liveness check performed,title-v3-664c9b949b-cpt8j,GET,OK,200,2020-06-17T10:35:09Z,liveness-check,http://172.17.0.16:8081
title,info,Liveness check performed,title-v1-6c9f679468-k6xqm,GET,OK,200,2020-06-17T10:35:39Z,liveness-check,http://172.17.0.15:8081
title,info,Liveness check performed,title-v3-664c9b949b-cpt8j,GET,OK,200,2020-06-17T10:35:39Z,liveness-check,http://172.17.0.16:8081
title,info,Liveness check performed,title-v1-6c9f679468-k6xqm,GET,OK,200,2020-06-17T10:36:09Z,liveness-check,http://172.17.0.15:8081
title,info,Liveness check performed,title-v3-664c9b949b-cpt8j,GET,OK,200,2020-06-17T10:36:09Z,liveness-check,http://172.17.0.16:8081
title,info,Liveness check performed,title-v1-6c9f679468-k6xqm,GET,OK,200,2020-06-17T10:36:39Z,liveness-check,http://172.17.0.15:8081
title,info,Liveness check performed,title-v3-664c9b949b-cpt8j,GET,OK,200,2020-06-17T10:36:39Z,liveness-check,http://172.17.0.16:8081
title,info,Liveness check performed,title-v1-6c9f679468-k6xqm,GET,OK,200,2020-06-17T10:37:09Z,liveness-check,http://172.17.0.15:8081
title,info,Liveness check performed,title-v3-664c9b949b-cpt8j,GET,OK,200,2020-06-17T10:37:09Z,liveness-check,http://172.17.0.16:8081
title,info,Liveness check performed,title-v1-6c9f679468-k6xqm,GET,OK,200,2020-06-17T10:37:39Z,liveness-check,http://172.17.0.15:8081
title,info,Liveness check performed,title-v3-664c9b949b-cpt8j,GET,OK,200,2020-06-17T10:37:39Z,liveness-check,http://172.17.0.16:8081
title,info,Liveness check performed,title-v1-6c9f679468-k6xqm,GET,OK,200,2020-06-17T10:38:09Z,liveness-check,http://172.17.0.15:8081
title,info,Liveness check performed,title-v3-664c9b949b-cpt8j,GET,OK,200,2020-06-17T10:38:09Z,liveness-check,http://172.17.0.16:8081
title,info,Liveness check performed,title-v1-6c9f679468-k6xqm,GET,OK,200,2020-06-17T10:38:39Z,liveness-check,http://172.17.0.15:8081
title,info,Liveness check performed,title-v3-664c9b949b-cpt8j,GET,OK,200,2020-06-17T10:38:39Z,liveness-check,http://172.17.0.16:8081
title,info,Liveness check performed,title-v1-6c9f679468-k6xqm,GET,OK,200,2020-06-17T10:39:09Z,liveness-check,http://172.17.0.15:8081
title,info,Liveness check performed,title-v3-664c9b949b-cpt8j,GET,OK,200,2020-06-17T10:39:09Z,liveness-check,http://172.17.0.16:8081
title,info,Liveness check performed,title-v1-6c9f679468-k6xqm,GET,OK,200,2020-06-17T10:39:39Z,liveness-check,http://172.17.0.15:8081
title,info,Liveness check performed,title-v3-664c9b949b-cpt8j,GET,OK,200,2020-06-17T10:39:39Z,liveness-check,http://172.17.0.16:8081
title,info,Liveness check performed,title-v1-6c9f679468-k6xqm,GET,OK,200,2020-06-17T10:40:09Z,liveness-check,http://172.17.0.15:8081
title,info,Liveness check performed,title-v3-664c9b949b-cpt8j,GET,OK,200,2020-06-17T10:40:09Z,liveness-check,http://172.17.0.16:8081
title,info,Liveness check performed,title-v1-6c9f679468-k6xqm,GET,OK,200,2020-06-17T10:40:39Z,liveness-check,http://172.17.0.15:8081
title,info,Liveness check performed,title-v3-664c9b949b-cpt8j,GET,OK,200,2020-06-17T10:40:39Z,liveness-check,http://172.17.0.16:8081
title,info,Liveness check performed,title-v1-6c9f679468-k6xqm,GET,OK,200,2020-06-17T10:41:09Z,liveness-check,http://172.17.0.15:8081
title,info,Liveness check performed,title-v3-664c9b949b-cpt8j,GET,OK,200,2020-06-17T10:41:09Z,liveness-check,http://172.17.0.16:8081
title,info,Liveness check performed,title-v1-6c9f679468-k6xqm,GET,OK,200,2020-06-17T10:41:39Z,liveness-check,http://172.17.0.15:8081
title,info,Liveness check performed,title-v3-664c9b949b-cpt8j,GET,OK,200,2020-06-17T10:41:39Z,liveness-check,http://172.17.0.16:8081
title,info,Liveness check performed,title-v1-6c9f679468-k6xqm,GET,OK,200,2020-06-17T10:42:09Z,liveness-check,http://172.17.0.15:8081
title,info,Liveness check performed,title-v3-664c9b949b-cpt8j,GET,OK,200,2020-06-17T10:42:09Z,liveness-check,http://172.17.0.16:8081
title,info,Liveness check performed,title-v1-6c9f679468-k6xqm,GET,OK,200,2020-06-17T10:42:39Z,liveness-check,http://172.17.0.15:8081
title,info,Liveness check performed,title-v3-664c9b949b-cpt8j,GET,OK,200,2020-06-17T10:42:39Z,liveness-check,http://172.17.0.16:8081
title,info,Liveness check performed,title-v1-6c9f679468-k6xqm,GET,OK,200,2020-06-17T10:43:09Z,liveness-check,http://172.17.0.15:8081
title,info,Liveness check performed,title-v3-664c9b949b-cpt8j,GET,OK,200,2020-06-17T10:43:09Z,liveness-check,http://172.17.0.16:8081
title,info,Liveness check performed,title-v1-6c9f679468-k6xqm,GET,OK,200,2020-06-17T10:43:39Z,liveness-check,http://172.17.0.15:8081
title,info,Liveness check performed,title-v3-664c9b949b-cpt8j,GET,OK,200,2020-06-17T10:43:39Z,liveness-check,http://172.17.0.16:8081
title,info,Liveness check performed,title-v1-6c9f679468-k6xqm,GET,OK,200,2020-06-17T10:44:09Z,liveness-check,http://172.17.0.15:8081
title,info,Liveness check performed,title-v3-664c9b949b-cpt8j,GET,OK,200,2020-06-17T10:44:09Z,liveness-check,http://172.17.0.16:8081
title,info,Liveness check performed,title-v1-6c9f679468-k6xqm,GET,OK,200,2020-06-17T10:44:39Z,liveness-check,http://172.17.0.15:8081
title,info,Liveness check performed,title-v3-664c9b949b-cpt8j,GET,OK,200,2020-06-17T10:44:39Z,liveness-check,http://172.17.0.16:8081
title,info,Liveness check performed,title-v1-6c9f679468-k6xqm,GET,OK,200,2020-06-17T10:45:09Z,liveness-check,http://172.17.0.15:8081
title,info,Liveness check performed,title-v3-664c9b949b-cpt8j,GET,OK,200,2020-06-17T10:45:09Z,liveness-check,http://172.17.0.16:8081
title,info,Liveness check performed,title-v1-6c9f679468-k6xqm,GET,OK,200,2020-06-17T10:45:39Z,liveness-check,http://172.17.0.15:8081
title,info,Liveness check performed,title-v3-664c9b949b-cpt8j,GET,OK,200,2020-06-17T10:45:39Z,liveness-check,http://172.17.0.16:8081
title,info,Liveness check performed,title-v1-6c9f679468-k6xqm,GET,OK,200,2020-06-17T10:46:09Z,liveness-check,http://172.17.0.15:8081
title,info,Liveness check performed,title-v3-664c9b949b-cpt8j,GET,OK,200,2020-06-17T10:46:09Z,liveness-check,http://172.17.0.16:8081
title,info,Liveness check performed,title-v1-6c9f679468-k6xqm,GET,OK,200,2020-06-17T10:46:39Z,liveness-check,http://172.17.0.15:8081
title,info,Liveness check performed,title-v3-664c9b949b-cpt8j,GET,OK,200,2020-06-17T10:46:39Z,liveness-check,http://172.17.0.16:8081
title,info,Liveness check performed,title-v1-6c9f679468-k6xqm,GET,OK,200,2020-06-17T10:47:09Z,liveness-check,http://172.17.0.15:8081
title,info,Liveness check performed,title-v3-664c9b949b-cpt8j,GET,OK,200,2020-06-17T10:47:09Z,liveness-check,http://172.17.0.16:8081
title,info,Liveness check performed,title-v1-6c9f679468-k6xqm,GET,OK,200,2020-06-17T10:47:39Z,liveness-check,http://172.17.0.15:8081
title,info,Liveness check performed,title-v3-664c9b949b-cpt8j,GET,OK,200,2020-06-17T10:47:39Z,liveness-check,http://172.17.0.16:8081
title,info,Liveness check performed,title-v1-6c9f679468-k6xqm,GET,OK,200,2020-06-17T10:48:09Z,liveness-check,http://172.17.0.15:8081
title,info,Liveness check performed,title-v3-664c9b949b-cpt8j,GET,OK,200,2020-06-17T10:48:09Z,liveness-check,http://172.17.0.16:8081
title,info,Liveness check performed,title-v1-6c9f679468-k6xqm,GET,OK,200,2020-06-17T10:48:39Z,liveness-check,http://172.17.0.15:8081
title,info,Liveness check performed,title-v3-664c9b949b-cpt8j,GET,OK,200,2020-06-17T10:48:39Z,liveness-check,http://172.17.0.16:8081
title,info,Liveness check performed,title-v1-6c9f679468-k6xqm,GET,OK,200,2020-06-17T10:49:09Z,liveness-check,http://172.17.0.15:8081
title,info,Liveness check performed,title-v3-664c9b949b-cpt8j,GET,OK,200,2020-06-17T10:49:09Z,liveness-check,http://172.17.0.16:8081
title,info,Liveness check performed,title-v1-6c9f679468-k6xqm,GET,OK,200,2020-06-17T10:49:39Z,liveness-check,http://172.17.0.15:8081
title,info,Liveness check performed,title-v3-664c9b949b-cpt8j,GET,OK,200,2020-06-17T10:49:39Z,liveness-check,http://172.17.0.16:8081
title,info,Liveness check performed,title-v1-6c9f679468-k6xqm,GET,OK,200,2020-06-17T10:50:09Z,liveness-check,http://172.17.0.15:8081
title,info,Liveness check performed,title-v3-664c9b949b-cpt8j,GET,OK,200,2020-06-17T10:50:09Z,liveness-check,http://172.17.0.16:8081
title,info,Liveness check performed,title-v1-6c9f679468-k6xqm,GET,OK,200,2020-06-17T10:50:39Z,liveness-check,http://172.17.0.15:8081
title,info,Liveness check performed,title-v3-664c9b949b-cpt8j,GET,OK,200,2020-06-17T10:50:39Z,liveness-check,http://172.17.0.16:8081
title,info,Liveness check performed,title-v1-6c9f679468-k6xqm,GET,OK,200,2020-06-17T10:51:09Z,liveness-check,http://172.17.0.15:8081
title,info,Liveness check performed,title-v3-664c9b949b-cpt8j,GET,OK,200,2020-06-17T10:51:09Z,liveness-check,http://172.17.0.16:8081
title,info,Liveness check performed,title-v1-6c9f679468-k6xqm,GET,OK,200,2020-06-17T10:51:39Z,liveness-check,http://172.17.0.15:8081
title,info,Liveness check performed,title-v3-664c9b949b-cpt8j,GET,OK,200,2020-06-17T10:51:39Z,liveness-check,http://172.17.0.16:8081
title,info,Liveness check performed,title-v1-6c9f679468-k6xqm,GET,OK,200,2020-06-17T10:52:09Z,liveness-check,http://172.17.0.15:8081
title,info,Liveness check performed,title-v3-664c9b949b-cpt8j,GET,OK,200,2020-06-17T10:52:09Z,liveness-check,http://172.17.0.16:8081
title,info,Liveness check performed,title-v1-6c9f679468-k6xqm,GET,OK,200,2020-06-17T10:52:39Z,liveness-check,http://172.17.0.15:8081
title,info,Liveness check performed,title-v3-664c9b949b-cpt8j,GET,OK,200,2020-06-17T10:52:39Z,liveness-check,http://172.17.0.16:8081
title,info,Liveness check performed,title-v1-6c9f679468-k6xqm,GET,OK,200,2020-06-17T10:53:09Z,liveness-check,http://172.17.0.15:8081
title,info,Liveness check performed,title-v3-664c9b949b-cpt8j,GET,OK,200,2020-06-17T10:53:09Z,liveness-check,http://172.17.0.16:8081
title,info,Liveness check performed,title-v1-6c9f679468-k6xqm,GET,OK,200,2020-06-17T10:53:39Z,liveness-check,http://172.17.0.15:8081
title,info,Liveness check performed,title-v3-664c9b949b-cpt8j,GET,OK,200,2020-06-17T10:53:39Z,liveness-check,http://172.17.0.16:8081
title,info,Liveness check performed,title-v1-6c9f679468-k6xqm,GET,OK,200,2020-06-17T10:54:09Z,liveness-check,http://172.17.0.15:8081
title,info,Liveness check performed,title-v3-664c9b949b-cpt8j,GET,OK,200,2020-06-17T10:54:09Z,liveness-check,http://172.17.0.16:8081
title,info,Liveness check performed,title-v1-6c9f679468-k6xqm,GET,OK,200,2020-06-17T10:54:39Z,liveness-check,http://172.17.0.15:8081
title,info,Liveness check performed,title-v3-664c9b949b-cpt8j,GET,OK,200,2020-06-17T10:54:39Z,liveness-check,http://172.17.0.16:8081
title,info,Liveness check performed,title-v1-6c9f679468-k6xqm,GET,OK,200,2020-06-17T10:55:09Z,liveness-check,http://172.17.0.15:8081
title,info,Liveness check performed,title-v3-664c9b949b-cpt8j,GET,OK,200,2020-06-17T10:55:09Z,liveness-check,http://172.17.0.16:8081
title,info,Liveness check performed,title-v1-6c9f679468-k6xqm,GET,OK,200,2020-06-17T10:55:39Z,liveness-check,http://172.17.0.15:8081
title,info,Liveness check performed,title-v3-664c9b949b-cpt8j,GET,OK,200,2020-06-17T10:55:39Z,liveness-check,http://172.17.0.16:8081
title,info,Liveness check performed,title-v1-6c9f679468-k6xqm,GET,OK,200,2020-06-17T10:56:09Z,liveness-check,http://172.17.0.15:8081
title,info,Liveness check performed,title-v3-664c9b949b-cpt8j,GET,OK,200,2020-06-17T10:56:09Z,liveness-check,http://172.17.0.16:8081
title,info,Liveness check performed,title-v1-6c9f679468-k6xqm,GET,OK,200,2020-06-17T10:56:39Z,liveness-check,http://172.17.0.15:8081
title,info,Liveness check performed,title-v3-664c9b949b-cpt8j,GET,OK,200,2020-06-17T10:56:39Z,liveness-check,http://172.17.0.16:8081
title,info,Liveness check performed,title-v1-6c9f679468-k6xqm,GET,OK,200,2020-06-17T10:57:09Z,liveness-check,http://172.17.0.15:8081
title,info,Liveness check performed,title-v3-664c9b949b-cpt8j,GET,OK,200,2020-06-17T10:57:09Z,liveness-check,http://172.17.0.16:8081
title,info,Liveness check performed,title-v1-6c9f679468-k6xqm,GET,OK,200,2020-06-17T10:57:39Z,liveness-check,http://172.17.0.15:8081
title,info,Liveness check performed,title-v3-664c9b949b-cpt8j,GET,OK,200,2020-06-17T10:57:39Z,liveness-check,http://172.17.0.16:8081
title,info,Liveness check performed,title-v1-6c9f679468-k6xqm,GET,OK,200,2020-06-17T10:58:09Z,liveness-check,http://172.17.0.15:8081
title,info,Liveness check performed,title-v3-664c9b949b-cpt8j,GET,OK,200,2020-06-17T10:58:09Z,liveness-check,http://172.17.0.16:8081
title,info,Liveness check performed,title-v1-6c9f679468-k6xqm,GET,OK,200,2020-06-17T10:58:39Z,liveness-check,http://172.17.0.15:8081
title,info,Liveness check performed,title-v3-664c9b949b-cpt8j,GET,OK,200,2020-06-17T10:58:39Z,liveness-check,http://172.17.0.16:8081
title,info,Liveness check performed,title-v1-6c9f679468-k6xqm,GET,OK,200,2020-06-17T10:59:09Z,liveness-check,http://172.17.0.15:8081
title,info,Liveness check performed,title-v3-664c9b949b-cpt8j,GET,OK,200,2020-06-17T10:59:09Z,liveness-check,http://172.17.0.16:8081
title,info,Liveness check performed,title-v1-6c9f679468-k6xqm,GET,OK,200,2020-06-17T10:59:39Z,liveness-check,http://172.17.0.15:8081
title,info,Liveness check performed,title-v3-664c9b949b-cpt8j,GET,OK,200,2020-06-17T10:59:39Z,liveness-check,http://172.17.0.16:8081
title,info,Liveness check performed,title-v1-6c9f679468-k6xqm,GET,OK,200,2020-06-17T11:00:09Z,liveness-check,http://172.17.0.15:8081
title,info,Liveness check performed,title-v3-664c9b949b-cpt8j,GET,OK,200,2020-06-17T11:00:09Z,liveness-check,http://172.17.0.16:8081
title,info,Liveness check performed,title-v1-6c9f679468-k6xqm,GET,OK,200,2020-06-17T11:00:39Z,liveness-check,http://172.17.0.15:8081
title,info,Liveness check performed,title-v3-664c9b949b-cpt8j,GET,OK,200,2020-06-17T11:00:39Z,liveness-check,http://172.17.0.16:8081
title,info,Liveness check performed,title-v1-6c9f679468-k6xqm,GET,OK,200,2020-06-17T11:01:09Z,liveness-check,http://172.17.0.15:8081
title,info,Liveness check performed,title-v3-664c9b949b-cpt8j,GET,OK,200,2020-06-17T11:01:09Z,liveness-check,http://172.17.0.16:8081
title,info,Liveness check performed,title-v1-6c9f679468-k6xqm,GET,OK,200,2020-06-17T11:01:39Z,liveness-check,http://172.17.0.15:8081
title,info,Liveness check performed,title-v3-664c9b949b-cpt8j,GET,OK,200,2020-06-17T11:01:39Z,liveness-check,http://172.17.0.16:8081
title,info,Liveness check performed,title-v1-6c9f679468-k6xqm,GET,OK,200,2020-06-17T11:02:09Z,liveness-check,http://172.17.0.15:8081
title,info,Liveness check performed,title-v3-664c9b949b-cpt8j,GET,OK,200,2020-06-17T11:02:09Z,liveness-check,http://172.17.0.16:8081
title,info,Liveness check performed,title-v1-6c9f679468-k6xqm,GET,OK,200,2020-06-17T11:02:39Z,liveness-check,http://172.17.0.15:8081
title,info,Liveness check performed,title-v3-664c9b949b-cpt8j,GET,OK,200,2020-06-17T11:02:39Z,liveness-check,http://172.17.0.16:8081
title,info,Liveness check performed,title-v1-6c9f679468-k6xqm,GET,OK,200,2020-06-17T11:03:09Z,liveness-check,http://172.17.0.15:8081
title,info,Liveness check performed,title-v3-664c9b949b-cpt8j,GET,OK,200,2020-06-17T11:03:09Z,liveness-check,http://172.17.0.16:8081
title,info,Liveness check performed,title-v1-6c9f679468-k6xqm,GET,OK,200,2020-06-17T11:03:39Z,liveness-check,http://172.17.0.15:8081
title,info,Liveness check performed,title-v3-664c9b949b-cpt8j,GET,OK,200,2020-06-17T11:03:39Z,liveness-check,http://172.17.0.16:8081
title,info,Liveness check performed,title-v1-6c9f679468-k6xqm,GET,OK,200,2020-06-17T11:04:09Z,liveness-check,http://172.17.0.15:8081
title,info,Liveness check performed,title-v3-664c9b949b-cpt8j,GET,OK,200,2020-06-17T11:04:09Z,liveness-check,http://172.17.0.16:8081
title,info,Liveness check performed,title-v1-6c9f679468-k6xqm,GET,OK,200,2020-06-17T11:04:39Z,liveness-check,http://172.17.0.15:8081
title,info,Liveness check performed,title-v3-664c9b949b-cpt8j,GET,OK,200,2020-06-17T11:04:39Z,liveness-check,http://172.17.0.16:8081
title,info,Liveness check performed,title-v1-6c9f679468-k6xqm,GET,OK,200,2020-06-17T11:05:09Z,liveness-check,http://172.17.0.15:8081
title,info,Liveness check performed,title-v3-664c9b949b-cpt8j,GET,OK,200,2020-06-17T11:05:09Z,liveness-check,http://172.17.0.16:8081
title,info,Liveness check performed,title-v1-6c9f679468-k6xqm,GET,OK,200,2020-06-17T11:05:39Z,liveness-check,http://172.17.0.15:8081
title,info,Liveness check performed,title-v3-664c9b949b-cpt8j,GET,OK,200,2020-06-17T11:05:39Z,liveness-check,http://172.17.0.16:8081
title,info,Liveness check performed,title-v1-6c9f679468-k6xqm,GET,OK,200,2020-06-17T11:06:09Z,liveness-check,http://172.17.0.15:8081
title,info,Liveness check performed,title-v3-664c9b949b-cpt8j,GET,OK,200,2020-06-17T11:06:09Z,liveness-check,http://172.17.0.16:8081
title,info,Liveness check performed,title-v1-6c9f679468-k6xqm,GET,OK,200,2020-06-17T11:06:39Z,liveness-check,http://172.17.0.15:8081
title,info,Liveness check performed,title-v3-664c9b949b-cpt8j,GET,OK,200,2020-06-17T11:06:39Z,liveness-check,http://172.17.0.16:8081
title,info,Liveness check performed,title-v1-6c9f679468-k6xqm,GET,OK,200,2020-06-17T11:07:09Z,liveness-check,http://172.17.0.15:8081
title,info,Liveness check performed,title-v3-664c9b949b-cpt8j,GET,OK,200,2020-06-17T11:07:09Z,liveness-check,http://172.17.0.16:8081
title,info,Liveness check performed,title-v1-6c9f679468-k6xqm,GET,OK,200,2020-06-17T11:07:39Z,liveness-check,http://172.17.0.15:8081
title,info,Liveness check performed,title-v3-664c9b949b-cpt8j,GET,OK,200,2020-06-17T11:07:39Z,liveness-check,http://172.17.0.16:8081
title,info,Liveness check performed,title-v1-6c9f679468-k6xqm,GET,OK,200,2020-06-17T11:08:09Z,liveness-check,http://172.17.0.15:8081
title,info,Liveness check performed,title-v3-664c9b949b-cpt8j,GET,OK,200,2020-06-17T11:08:09Z,liveness-check,http://172.17.0.16:8081
title,info,Liveness check performed,title-v1-6c9f679468-k6xqm,GET,OK,200,2020-06-17T11:08:39Z,liveness-check,http://172.17.0.15:8081
title,info,Liveness check performed,title-v3-664c9b949b-cpt8j,GET,OK,200,2020-06-17T11:08:39Z,liveness-check,http://172.17.0.16:8081
title,info,Liveness check performed,title-v1-6c9f679468-k6xqm,GET,OK,200,2020-06-17T11:09:09Z,liveness-check,http://172.17.0.15:8081
title,info,Liveness check performed,title-v3-664c9b949b-cpt8j,GET,OK,200,2020-06-17T11:09:09Z,liveness-check,http://172.17.0.16:8081
title,info,Liveness check performed,title-v1-6c9f679468-k6xqm,GET,OK,200,2020-06-17T11:09:39Z,liveness-check,http://172.17.0.15:8081
title,info,Liveness check performed,title-v3-664c9b949b-cpt8j,GET,OK,200,2020-06-17T11:09:39Z,liveness-check,http://172.17.0.16:8081
title,info,Liveness check performed,title-v1-6c9f679468-k6xqm,GET,OK,200,2020-06-17T11:10:09Z,liveness-check,http://172.17.0.15:8081
title,info,Liveness check performed,title-v3-664c9b949b-cpt8j,GET,OK,200,2020-06-17T11:10:09Z,liveness-check,http://172.17.0.16:8081
title,info,Liveness check performed,title-v1-6c9f679468-k6xqm,GET,OK,200,2020-06-17T11:10:39Z,liveness-check,http://172.17.0.15:8081
title,info,Liveness check performed,title-v3-664c9b949b-cpt8j,GET,OK,200,2020-06-17T11:10:39Z,liveness-check,http://172.17.0.16:8081
title,info,Liveness check performed,title-v1-6c9f679468-k6xqm,GET,OK,200,2020-06-17T11:11:09Z,liveness-check,http://172.17.0.15:8081
title,info,Liveness check performed,title-v3-664c9b949b-cpt8j,GET,OK,200,2020-06-17T11:11:09Z,liveness-check,http://172.17.0.16:8081
title,info,Liveness check performed,title-v1-6c9f679468-k6xqm,GET,OK,200,2020-06-17T11:11:39Z,liveness-check,http://172.17.0.15:8081
title,info,Liveness check performed,title-v3-664c9b949b-cpt8j,GET,OK,200,2020-06-17T11:11:39Z,liveness-check,http://172.17.0.16:8081
title,info,Liveness check performed,title-v1-6c9f679468-k6xqm,GET,OK,200,2020-06-17T11:12:09Z,liveness-check,http://172.17.0.15:8081
title,info,Liveness check performed,title-v3-664c9b949b-cpt8j,GET,OK,200,2020-06-17T11:12:09Z,liveness-check,http://172.17.0.16:8081
title,info,Liveness check performed,title-v1-6c9f679468-k6xqm,GET,OK,200,2020-06-17T11:12:39Z,liveness-check,http://172.17.0.15:8081
title,info,Liveness check performed,title-v3-664c9b949b-cpt8j,GET,OK,200,2020-06-17T11:12:39Z,liveness-check,http://172.17.0.16:8081
title,info,Liveness check performed,title-v1-6c9f679468-k6xqm,GET,OK,200,2020-06-17T11:13:09Z,liveness-check,http://172.17.0.15:8081
title,info,Liveness check performed,title-v3-664c9b949b-cpt8j,GET,OK,200,2020-06-17T11:13:09Z,liveness-check,http://172.17.0.16:8081
title,info,Liveness check performed,title-v1-6c9f679468-k6xqm,GET,OK,200,2020-06-17T11:13:39Z,liveness-check,http://172.17.0.15:8081
title,info,Liveness check performed,title-v3-664c9b949b-cpt8j,GET,OK,200,2020-06-17T11:13:39Z,liveness-check,http://172.17.0.16:8081
title,info,Liveness check performed,title-v1-6c9f679468-k6xqm,GET,OK,200,2020-06-17T11:14:09Z,liveness-check,http://172.17.0.15:8081
title,info,Liveness check performed,title-v3-664c9b949b-cpt8j,GET,OK,200,2020-06-17T11:14:09Z,liveness-check,http://172.17.0.16:8081
title,info,Liveness check performed,title-v1-6c9f679468-k6xqm,GET,OK,200,2020-06-17T11:14:39Z,liveness-check,http://172.17.0.15:8081
title,info,Liveness check performed,title-v3-664c9b949b-cpt8j,GET,OK,200,2020-06-17T11:14:39Z,liveness-check,http://172.17.0.16:8081
title,info,Liveness check performed,title-v1-6c9f679468-k6xqm,GET,OK,200,2020-06-17T11:15:09Z,liveness-check,http://172.17.0.15:8081
title,info,Liveness check performed,title-v3-664c9b949b-cpt8j,GET,OK,200,2020-06-17T11:15:09Z,liveness-check,http://172.17.0.16:8081
title,info,Liveness check performed,title-v1-6c9f679468-k6xqm,GET,OK,200,2020-06-17T11:15:39Z,liveness-check,http://172.17.0.15:8081
title,info,Liveness check performed,title-v3-664c9b949b-cpt8j,GET,OK,200,2020-06-17T11:15:39Z,liveness-check,http://172.17.0.16:8081
title,info,Liveness check performed,title-v1-6c9f679468-k6xqm,GET,OK,200,2020-06-17T11:16:09Z,liveness-check,http://172.17.0.15:8081
title,info,Liveness check performed,title-v3-664c9b949b-cpt8j,GET,OK,200,2020-06-17T11:16:09Z,liveness-check,http://172.17.0.16:8081
title,info,Liveness check performed,title-v1-6c9f679468-k6xqm,GET,OK,200,2020-06-17T11:16:39Z,liveness-check,http://172.17.0.15:8081
title,info,Liveness check performed,title-v3-664c9b949b-cpt8j,GET,OK,200,2020-06-17T11:16:39Z,liveness-check,http://172.17.0.16:8081
title,info,Liveness check performed,title-v1-6c9f679468-k6xqm,GET,OK,200,2020-06-17T11:17:09Z,liveness-check,http://172.17.0.15:8081
title,info,Liveness check performed,title-v3-664c9b949b-cpt8j,GET,OK,200,2020-06-17T11:17:09Z,liveness-check,http://172.17.0.16:8081
title,info,Liveness check performed,title-v1-6c9f679468-k6xqm,GET,OK,200,2020-06-17T11:17:39Z,liveness-check,http://172.17.0.15:8081
title,info,Liveness check performed,title-v3-664c9b949b-cpt8j,GET,OK,200,2020-06-17T11:17:39Z,liveness-check,http://172.17.0.16:8081
title,info,Liveness check performed,title-v1-6c9f679468-k6xqm,GET,OK,200,2020-06-17T11:18:09Z,liveness-check,http://172.17.0.15:8081
title,info,Liveness check performed,title-v3-664c9b949b-cpt8j,GET,OK,200,2020-06-17T11:18:09Z,liveness-check,http://172.17.0.16:8081
title,info,Liveness check performed,title-v1-6c9f679468-k6xqm,GET,OK,200,2020-06-17T11:18:39Z,liveness-check,http://172.17.0.15:8081
title,info,Liveness check performed,title-v3-664c9b949b-cpt8j,GET,OK,200,2020-06-17T11:18:39Z,liveness-check,http://172.17.0.16:8081
title,info,Liveness check performed,title-v1-6c9f679468-k6xqm,GET,OK,200,2020-06-17T11:19:09Z,liveness-check,http://172.17.0.15:8081
title,info,Liveness check performed,title-v3-664c9b949b-cpt8j,GET,OK,200,2020-06-17T11:19:09Z,liveness-check,http://172.17.0.16:8081
title,info,Liveness check performed,title-v1-6c9f679468-k6xqm,GET,OK,200,2020-06-17T11:19:39Z,liveness-check,http://172.17.0.15:8081
title,info,Liveness check performed,title-v3-664c9b949b-cpt8j,GET,OK,200,2020-06-17T11:19:39Z,liveness-check,http://172.17.0.16:8081
title,info,Liveness check performed,title-v1-6c9f679468-k6xqm,GET,OK,200,2020-06-17T11:20:09Z,liveness-check,http://172.17.0.15:8081
title,info,Liveness check performed,title-v3-664c9b949b-cpt8j,GET,OK,200,2020-06-17T11:20:09Z,liveness-check,http://172.17.0.16:8081
title,info,Liveness check performed,title-v1-6c9f679468-k6xqm,GET,OK,200,2020-06-17T11:20:39Z,liveness-check,http://172.17.0.15:8081
title,info,Liveness check performed,title-v3-664c9b949b-cpt8j,GET,OK,200,2020-06-17T11:20:39Z,liveness-check,http://172.17.0.16:8081
title,info,Liveness check performed,title-v1-6c9f679468-k6xqm,GET,OK,200,2020-06-17T11:21:09Z,liveness-check,http://172.17.0.15:8081
title,info,Liveness check performed,title-v3-664c9b949b-cpt8j,GET,OK,200,2020-06-17T11:21:09Z,liveness-check,http://172.17.0.16:8081
title,info,Liveness check performed,title-v1-6c9f679468-k6xqm,GET,OK,200,2020-06-17T11:21:39Z,liveness-check,http://172.17.0.15:8081
title,info,Liveness check performed,title-v3-664c9b949b-cpt8j,GET,OK,200,2020-06-17T11:21:39Z,liveness-check,http://172.17.0.16:8081
title,info,Liveness check performed,title-v1-6c9f679468-k6xqm,GET,OK,200,2020-06-17T11:22:09Z,liveness-check,http://172.17.0.15:8081
title,info,Liveness check performed,title-v3-664c9b949b-cpt8j,GET,OK,200,2020-06-17T11:22:09Z,liveness-check,http://172.17.0.16:8081
title,info,Liveness check performed,title-v1-6c9f679468-k6xqm,GET,OK,200,2020-06-17T11:22:39Z,liveness-check,http://172.17.0.15:8081
title,info,Liveness check performed,title-v3-664c9b949b-cpt8j,GET,OK,200,2020-06-17T11:22:39Z,liveness-check,http://172.17.0.16:8081
title,info,Liveness check performed,title-v1-6c9f679468-k6xqm,GET,OK,200,2020-06-17T11:23:09Z,liveness-check,http://172.17.0.15:8081
title,info,Liveness check performed,title-v3-664c9b949b-cpt8j,GET,OK,200,2020-06-17T11:23:09Z,liveness-check,http://172.17.0.16:8081
title,info,Liveness check performed,title-v1-6c9f679468-k6xqm,GET,OK,200,2020-06-17T11:23:39Z,liveness-check,http://172.17.0.15:8081
title,info,Liveness check performed,title-v3-664c9b949b-cpt8j,GET,OK,200,2020-06-17T11:23:39Z,liveness-check,http://172.17.0.16:8081
title,info,Liveness check performed,title-v1-6c9f679468-k6xqm,GET,OK,200,2020-06-17T11:24:09Z,liveness-check,http://172.17.0.15:8081
title,info,Liveness check performed,title-v3-664c9b949b-cpt8j,GET,OK,200,2020-06-17T11:24:09Z,liveness-check,http://172.17.0.16:8081
title,info,Liveness check performed,title-v1-6c9f679468-k6xqm,GET,OK,200,2020-06-17T11:24:39Z,liveness-check,http://172.17.0.15:8081
title,info,Liveness check performed,title-v3-664c9b949b-cpt8j,GET,OK,200,2020-06-17T11:24:39Z,liveness-check,http://172.17.0.16:8081
title,info,Liveness check performed,title-v1-6c9f679468-k6xqm,GET,OK,200,2020-06-17T11:25:09Z,liveness-check,http://172.17.0.15:8081
title,info,Liveness check performed,title-v3-664c9b949b-cpt8j,GET,OK,200,2020-06-17T11:25:09Z,liveness-check,http://172.17.0.16:8081
title,info,Liveness check performed,title-v1-6c9f679468-k6xqm,GET,OK,200,2020-06-17T11:25:39Z,liveness-check,http://172.17.0.15:8081
title,info,Liveness check performed,title-v3-664c9b949b-cpt8j,GET,OK,200,2020-06-17T11:25:39Z,liveness-check,http://172.17.0.16:8081
title,info,Liveness check performed,title-v1-6c9f679468-k6xqm,GET,OK,200,2020-06-17T11:26:09Z,liveness-check,http://172.17.0.15:8081
title,info,Liveness check performed,title-v3-664c9b949b-cpt8j,GET,OK,200,2020-06-17T11:26:09Z,liveness-check,http://172.17.0.16:8081
title,info,Liveness check performed,title-v1-6c9f679468-k6xqm,GET,OK,200,2020-06-17T11:26:39Z,liveness-check,http://172.17.0.15:8081
title,info,Liveness check performed,title-v3-664c9b949b-cpt8j,GET,OK,200,2020-06-17T11:26:39Z,liveness-check,http://172.17.0.16:8081
title,info,Liveness check performed,title-v1-6c9f679468-k6xqm,GET,OK,200,2020-06-17T11:27:09Z,liveness-check,http://172.17.0.15:8081
title,info,Liveness check performed,title-v3-664c9b949b-cpt8j,GET,OK,200,2020-06-17T11:27:09Z,liveness-check,http://172.17.0.16:8081
title,info,Liveness check performed,title-v1-6c9f679468-k6xqm,GET,OK,200,2020-06-17T11:27:39Z,liveness-check,http://172.17.0.15:8081
title,info,Liveness check performed,title-v3-664c9b949b-cpt8j,GET,OK,200,2020-06-17T11:27:39Z,liveness-check,http://172.17.0.16:8081
title,info,Liveness check performed,title-v1-6c9f679468-k6xqm,GET,OK,200,2020-06-17T11:28:09Z,liveness-check,http://172.17.0.15:8081
title,info,Liveness check performed,title-v3-664c9b949b-cpt8j,GET,OK,200,2020-06-17T11:28:09Z,liveness-check,http://172.17.0.16:8081
title,info,Liveness check performed,title-v1-6c9f679468-k6xqm,GET,OK,200,2020-06-17T11:28:39Z,liveness-check,http://172.17.0.15:8081
title,info,Liveness check performed,title-v3-664c9b949b-cpt8j,GET,OK,200,2020-06-17T11:28:39Z,liveness-check,http://172.17.0.16:8081
title,info,Liveness check performed,title-v1-6c9f679468-k6xqm,GET,OK,200,2020-06-17T11:29:09Z,liveness-check,http://172.17.0.15:8081
title,info,Liveness check performed,title-v3-664c9b949b-cpt8j,GET,OK,200,2020-06-17T11:29:09Z,liveness-check,http://172.17.0.16:8081
title,info,Liveness check performed,title-v1-6c9f679468-k6xqm,GET,OK,200,2020-06-17T11:29:39Z,liveness-check,http://172.17.0.15:8081
title,info,Liveness check performed,title-v3-664c9b949b-cpt8j,GET,OK,200,2020-06-17T11:29:39Z,liveness-check,http://172.17.0.16:8081
title,info,Liveness check performed,title-v1-6c9f679468-k6xqm,GET,OK,200,2020-06-17T11:30:09Z,liveness-check,http://172.17.0.15:8081
title,info,Liveness check performed,title-v3-664c9b949b-cpt8j,GET,OK,200,2020-06-17T11:30:09Z,liveness-check,http://172.17.0.16:8081
title,info,Liveness check performed,title-v1-6c9f679468-k6xqm,GET,OK,200,2020-06-17T11:30:39Z,liveness-check,http://172.17.0.15:8081
title,info,Liveness check performed,title-v3-664c9b949b-cpt8j,GET,OK,200,2020-06-17T11:30:39Z,liveness-check,http://172.17.0.16:8081
title,info,Liveness check performed,title-v1-6c9f679468-k6xqm,GET,OK,200,2020-06-17T11:31:09Z,liveness-check,http://172.17.0.15:8081
title,info,Liveness check performed,title-v3-664c9b949b-cpt8j,GET,OK,200,2020-06-17T11:31:09Z,liveness-check,http://172.17.0.16:8081
title,info,Liveness check performed,title-v1-6c9f679468-k6xqm,GET,OK,200,2020-06-17T11:31:39Z,liveness-check,http://172.17.0.15:8081
title,info,Liveness check performed,title-v3-664c9b949b-cpt8j,GET,OK,200,2020-06-17T11:31:39Z,liveness-check,http://172.17.0.16:8081
title,info,Liveness check performed,title-v1-6c9f679468-k6xqm,GET,OK,200,2020-06-17T11:32:09Z,liveness-check,http://172.17.0.15:8081
title,info,Liveness check performed,title-v3-664c9b949b-cpt8j,GET,OK,200,2020-06-17T11:32:09Z,liveness-check,http://172.17.0.16:8081
title,info,Liveness check performed,title-v1-6c9f679468-k6xqm,GET,OK,200,2020-06-17T11:32:39Z,liveness-check,http://172.17.0.15:8081
title,info,Liveness check performed,title-v3-664c9b949b-cpt8j,GET,OK,200,2020-06-17T11:32:39Z,liveness-check,http://172.17.0.16:8081
title,info,Liveness check performed,title-v1-6c9f679468-k6xqm,GET,OK,200,2020-06-17T11:33:09Z,liveness-check,http://172.17.0.15:8081
title,info,Liveness check performed,title-v3-664c9b949b-cpt8j,GET,OK,200,2020-06-17T11:33:09Z,liveness-check,http://172.17.0.16:8081
title,info,Liveness check performed,title-v1-6c9f679468-k6xqm,GET,OK,200,2020-06-17T11:33:39Z,liveness-check,http://172.17.0.15:8081
title,info,Liveness check performed,title-v3-664c9b949b-cpt8j,GET,OK,200,2020-06-17T11:33:39Z,liveness-check,http://172.17.0.16:8081
title,info,Liveness check performed,title-v1-6c9f679468-k6xqm,GET,OK,200,2020-06-17T11:34:09Z,liveness-check,http://172.17.0.15:8081
title,info,Liveness check performed,title-v3-664c9b949b-cpt8j,GET,OK,200,2020-06-17T11:34:09Z,liveness-check,http://172.17.0.16:8081
title,info,Liveness check performed,title-v1-6c9f679468-k6xqm,GET,OK,200,2020-06-17T11:34:39Z,liveness-check,http://172.17.0.15:8081
title,info,Liveness check performed,title-v3-664c9b949b-cpt8j,GET,OK,200,2020-06-17T11:34:39Z,liveness-check,http://172.17.0.16:8081
title,info,Liveness check performed,title-v1-6c9f679468-k6xqm,GET,OK,200,2020-06-17T11:35:09Z,liveness-check,http://172.17.0.15:8081
title,info,Liveness check performed,title-v3-664c9b949b-cpt8j,GET,OK,200,2020-06-17T11:35:09Z,liveness-check,http://172.17.0.16:8081
title,info,Liveness check performed,title-v1-6c9f679468-k6xqm,GET,OK,200,2020-06-17T11:35:39Z,liveness-check,http://172.17.0.15:8081
title,info,Liveness check performed,title-v3-664c9b949b-cpt8j,GET,OK,200,2020-06-17T11:35:39Z,liveness-check,http://172.17.0.16:8081
title,info,Liveness check performed,title-v1-6c9f679468-k6xqm,GET,OK,200,2020-06-17T11:36:09Z,liveness-check,http://172.17.0.15:8081
title,info,Liveness check performed,title-v3-664c9b949b-cpt8j,GET,OK,200,2020-06-17T11:36:09Z,liveness-check,http://172.17.0.16:8081
title,info,Liveness check performed,title-v1-6c9f679468-k6xqm,GET,OK,200,2020-06-17T11:36:39Z,liveness-check,http://172.17.0.15:8081
title,info,Liveness check performed,title-v3-664c9b949b-cpt8j,GET,OK,200,2020-06-17T11:36:39Z,liveness-check,http://172.17.0.16:8081
title,info,Liveness check performed,title-v1-6c9f679468-k6xqm,GET,OK,200,2020-06-17T11:37:09Z,liveness-check,http://172.17.0.15:8081
title,info,Liveness check performed,title-v3-664c9b949b-cpt8j,GET,OK,200,2020-06-17T11:37:09Z,liveness-check,http://172.17.0.16:8081
title,info,Liveness check performed,title-v1-6c9f679468-k6xqm,GET,OK,200,2020-06-17T11:37:39Z,liveness-check,http://172.17.0.15:8081
title,info,Liveness check performed,title-v3-664c9b949b-cpt8j,GET,OK,200,2020-06-17T11:37:39Z,liveness-check,http://172.17.0.16:8081
title,info,Liveness check performed,title-v1-6c9f679468-k6xqm,GET,OK,200,2020-06-17T11:38:09Z,liveness-check,http://172.17.0.15:8081
title,info,Liveness check performed,title-v3-664c9b949b-cpt8j,GET,OK,200,2020-06-17T11:38:09Z,liveness-check,http://172.17.0.16:8081
title,info,Liveness check performed,title-v1-6c9f679468-k6xqm,GET,OK,200,2020-06-17T11:38:39Z,liveness-check,http://172.17.0.15:8081
title,info,Liveness check performed,title-v3-664c9b949b-cpt8j,GET,OK,200,2020-06-17T11:38:39Z,liveness-check,http://172.17.0.16:8081
title,info,Liveness check performed,title-v1-6c9f679468-k6xqm,GET,OK,200,2020-06-17T11:39:09Z,liveness-check,http://172.17.0.15:8081
title,info,Liveness check performed,title-v3-664c9b949b-cpt8j,GET,OK,200,2020-06-17T11:39:09Z,liveness-check,http://172.17.0.16:8081
title,info,Liveness check performed,title-v1-6c9f679468-k6xqm,GET,OK,200,2020-06-17T11:39:39Z,liveness-check,http://172.17.0.15:8081
title,info,Liveness check performed,title-v3-664c9b949b-cpt8j,GET,OK,200,2020-06-17T11:39:39Z,liveness-check,http://172.17.0.16:8081
title,info,Liveness check performed,title-v1-6c9f679468-k6xqm,GET,OK,200,2020-06-17T11:40:09Z,liveness-check,http://172.17.0.15:8081
title,info,Liveness check performed,title-v3-664c9b949b-cpt8j,GET,OK,200,2020-06-17T11:40:09Z,liveness-check,http://172.17.0.16:8081
title,info,Liveness check performed,title-v1-6c9f679468-k6xqm,GET,OK,200,2020-06-17T11:40:39Z,liveness-check,http://172.17.0.15:8081
title,info,Liveness check performed,title-v3-664c9b949b-cpt8j,GET,OK,200,2020-06-17T11:40:39Z,liveness-check,http://172.17.0.16:8081
title,info,Liveness check performed,title-v1-6c9f679468-k6xqm,GET,OK,200,2020-06-17T11:41:09Z,liveness-check,http://172.17.0.15:8081
title,info,Liveness check performed,title-v3-664c9b949b-cpt8j,GET,OK,200,2020-06-17T11:41:09Z,liveness-check,http://172.17.0.16:8081
title,info,Liveness check performed,title-v1-6c9f679468-k6xqm,GET,OK,200,2020-06-17T11:41:39Z,liveness-check,http://172.17.0.15:8081
title,info,Liveness check performed,title-v3-664c9b949b-cpt8j,GET,OK,200,2020-06-17T11:41:39Z,liveness-check,http://172.17.0.16:8081
title,info,Liveness check performed,title-v1-6c9f679468-k6xqm,GET,OK,200,2020-06-17T11:42:09Z,liveness-check,http://172.17.0.15:8081
title,info,Liveness check performed,title-v3-664c9b949b-cpt8j,GET,OK,200,2020-06-17T11:42:09Z,liveness-check,http://172.17.0.16:8081
title,info,Liveness check performed,title-v1-6c9f679468-k6xqm,GET,OK,200,2020-06-17T11:42:39Z,liveness-check,http://172.17.0.15:8081
title,info,Liveness check performed,title-v3-664c9b949b-cpt8j,GET,OK,200,2020-06-17T11:42:39Z,liveness-check,http://172.17.0.16:8081
title,info,Liveness check performed,title-v1-6c9f679468-k6xqm,GET,OK,200,2020-06-17T11:43:09Z,liveness-check,http://172.17.0.15:8081
title,info,Liveness check performed,title-v3-664c9b949b-cpt8j,GET,OK,200,2020-06-17T11:43:09Z,liveness-check,http://172.17.0.16:8081
title,info,Liveness check performed,title-v1-6c9f679468-k6xqm,GET,OK,200,2020-06-17T11:43:39Z,liveness-check,http://172.17.0.15:8081
title,info,Liveness check performed,title-v3-664c9b949b-cpt8j,GET,OK,200,2020-06-17T11:43:39Z,liveness-check,http://172.17.0.16:8081
title,info,Liveness check performed,title-v1-6c9f679468-k6xqm,GET,OK,200,2020-06-17T11:44:09Z,liveness-check,http://172.17.0.15:8081
title,info,Liveness check performed,title-v3-664c9b949b-cpt8j,GET,OK,200,2020-06-17T11:44:09Z,liveness-check,http://172.17.0.16:8081
title,info,Liveness check performed,title-v1-6c9f679468-k6xqm,GET,OK,200,2020-06-17T11:44:39Z,liveness-check,http://172.17.0.15:8081
title,info,Liveness check performed,title-v3-664c9b949b-cpt8j,GET,OK,200,2020-06-17T11:44:39Z,liveness-check,http://172.17.0.16:8081
title,info,Liveness check performed,title-v1-6c9f679468-k6xqm,GET,OK,200,2020-06-17T11:45:09Z,liveness-check,http://172.17.0.15:8081
title,info,Liveness check performed,title-v3-664c9b949b-cpt8j,GET,OK,200,2020-06-17T11:45:09Z,liveness-check,http://172.17.0.16:8081
title,info,Liveness check performed,title-v1-6c9f679468-k6xqm,GET,OK,200,2020-06-17T11:45:39Z,liveness-check,http://172.17.0.15:8081
title,info,Liveness check performed,title-v3-664c9b949b-cpt8j,GET,OK,200,2020-06-17T11:45:39Z,liveness-check,http://172.17.0.16:8081
title,info,Liveness check performed,title-v1-6c9f679468-k6xqm,GET,OK,200,2020-06-17T11:46:09Z,liveness-check,http://172.17.0.15:8081
title,info,Liveness check performed,title-v3-664c9b949b-cpt8j,GET,OK,200,2020-06-17T11:46:09Z,liveness-check,http://172.17.0.16:8081
title,info,Liveness check performed,title-v1-6c9f679468-k6xqm,GET,OK,200,2020-06-17T11:46:39Z,liveness-check,http://172.17.0.15:8081
title,info,Liveness check performed,title-v3-664c9b949b-cpt8j,GET,OK,200,2020-06-17T11:46:39Z,liveness-check,http://172.17.0.16:8081
title,info,Liveness check performed,title-v1-6c9f679468-k6xqm,GET,OK,200,2020-06-17T11:47:09Z,liveness-check,http://172.17.0.15:8081
title,info,Liveness check performed,title-v3-664c9b949b-cpt8j,GET,OK,200,2020-06-17T11:47:09Z,liveness-check,http://172.17.0.16:8081
title,info,Liveness check performed,title-v1-6c9f679468-k6xqm,GET,OK,200,2020-06-17T11:47:39Z,liveness-check,http://172.17.0.15:8081
title,info,Liveness check performed,title-v3-664c9b949b-cpt8j,GET,OK,200,2020-06-17T11:47:39Z,liveness-check,http://172.17.0.16:8081
title,info,Liveness check performed,title-v1-6c9f679468-k6xqm,GET,OK,200,2020-06-17T11:48:09Z,liveness-check,http://172.17.0.15:8081
title,info,Liveness check performed,title-v3-664c9b949b-cpt8j,GET,OK,200,2020-06-17T11:48:09Z,liveness-check,http://172.17.0.16:8081
title,info,Liveness check performed,title-v1-6c9f679468-k6xqm,GET,OK,200,2020-06-17T11:48:39Z,liveness-check,http://172.17.0.15:8081
title,info,Liveness check performed,title-v3-664c9b949b-cpt8j,GET,OK,200,2020-06-17T11:48:39Z,liveness-check,http://172.17.0.16:8081
title,info,Liveness check performed,title-v1-6c9f679468-k6xqm,GET,OK,200,2020-06-17T11:49:09Z,liveness-check,http://172.17.0.15:8081
title,info,Liveness check performed,title-v3-664c9b949b-cpt8j,GET,OK,200,2020-06-17T11:49:09Z,liveness-check,http://172.17.0.16:8081
title,info,Liveness check performed,title-v1-6c9f679468-k6xqm,GET,OK,200,2020-06-17T11:49:39Z,liveness-check,http://172.17.0.15:8081
title,info,Liveness check performed,title-v3-664c9b949b-cpt8j,GET,OK,200,2020-06-17T11:49:39Z,liveness-check,http://172.17.0.16:8081
title,info,Liveness check performed,title-v1-6c9f679468-k6xqm,GET,OK,200,2020-06-17T11:50:09Z,liveness-check,http://172.17.0.15:8081
title,info,Liveness check performed,title-v3-664c9b949b-cpt8j,GET,OK,200,2020-06-17T11:50:09Z,liveness-check,http://172.17.0.16:8081
title,info,Liveness check performed,title-v1-6c9f679468-k6xqm,GET,OK,200,2020-06-17T11:50:39Z,liveness-check,http://172.17.0.15:8081
title,info,Liveness check performed,title-v3-664c9b949b-cpt8j,GET,OK,200,2020-06-17T11:50:39Z,liveness-check,http://172.17.0.16:8081
title,info,Liveness check performed,title-v1-6c9f679468-k6xqm,GET,OK,200,2020-06-17T11:51:09Z,liveness-check,http://172.17.0.15:8081
title,info,Liveness check performed,title-v3-664c9b949b-cpt8j,GET,OK,200,2020-06-17T11:51:09Z,liveness-check,http://172.17.0.16:8081
title,info,Liveness check performed,title-v1-6c9f679468-k6xqm,GET,OK,200,2020-06-17T11:51:39Z,liveness-check,http://172.17.0.15:8081
title,info,Liveness check performed,title-v3-664c9b949b-cpt8j,GET,OK,200,2020-06-17T11:51:39Z,liveness-check,http://172.17.0.16:8081
title,info,Liveness check performed,title-v1-6c9f679468-k6xqm,GET,OK,200,2020-06-17T11:52:09Z,liveness-check,http://172.17.0.15:8081
title,info,Liveness check performed,title-v3-664c9b949b-cpt8j,GET,OK,200,2020-06-17T11:52:09Z,liveness-check,http://172.17.0.16:8081
title,info,Liveness check performed,title-v1-6c9f679468-k6xqm,GET,OK,200,2020-06-17T11:52:39Z,liveness-check,http://172.17.0.15:8081
title,info,Liveness check performed,title-v3-664c9b949b-cpt8j,GET,OK,200,2020-06-17T11:52:39Z,liveness-check,http://172.17.0.16:8081
title,info,Liveness check performed,title-v1-6c9f679468-k6xqm,GET,OK,200,2020-06-17T11:53:09Z,liveness-check,http://172.17.0.15:8081
title,info,Liveness check performed,title-v3-664c9b949b-cpt8j,GET,OK,200,2020-06-17T11:53:09Z,liveness-check,http://172.17.0.16:8081
title,info,Liveness check performed,title-v1-6c9f679468-k6xqm,GET,OK,200,2020-06-17T11:53:39Z,liveness-check,http://172.17.0.15:8081
title,info,Liveness check performed,title-v3-664c9b949b-cpt8j,GET,OK,200,2020-06-17T11:53:39Z,liveness-check,http://172.17.0.16:8081
title,info,Liveness check performed,title-v1-6c9f679468-k6xqm,GET,OK,200,2020-06-17T11:54:09Z,liveness-check,http://172.17.0.15:8081
title,info,Liveness check performed,title-v3-664c9b949b-cpt8j,GET,OK,200,2020-06-17T11:54:10Z,liveness-check,http://172.17.0.16:8081
title,info,Liveness check performed,title-v1-6c9f679468-k6xqm,GET,OK,200,2020-06-17T11:54:39Z,liveness-check,http://172.17.0.15:8081
title,info,Liveness check performed,title-v3-664c9b949b-cpt8j,GET,OK,200,2020-06-17T11:54:40Z,liveness-check,http://172.17.0.16:8081
title,info,Liveness check performed,title-v1-6c9f679468-k6xqm,GET,OK,200,2020-06-17T11:55:09Z,liveness-check,http://172.17.0.15:8081
title,info,Liveness check performed,title-v3-664c9b949b-cpt8j,GET,OK,200,2020-06-17T11:55:10Z,liveness-check,http://172.17.0.16:8081
title,info,Liveness check performed,title-v1-6c9f679468-k6xqm,GET,OK,200,2020-06-17T11:55:39Z,liveness-check,http://172.17.0.15:8081
title,info,Liveness check performed,title-v3-664c9b949b-cpt8j,GET,OK,200,2020-06-17T11:55:40Z,liveness-check,http://172.17.0.16:8081
title,info,Liveness check performed,title-v1-6c9f679468-k6xqm,GET,OK,200,2020-06-17T11:56:09Z,liveness-check,http://172.17.0.15:8081
title,info,Liveness check performed,title-v3-664c9b949b-cpt8j,GET,OK,200,2020-06-17T11:56:10Z,liveness-check,http://172.17.0.16:8081
title,info,Liveness check performed,title-v1-6c9f679468-k6xqm,GET,OK,200,2020-06-17T11:56:39Z,liveness-check,http://172.17.0.15:8081
title,info,Liveness check performed,title-v3-664c9b949b-cpt8j,GET,OK,200,2020-06-17T11:56:40Z,liveness-check,http://172.17.0.16:8081
title,info,Liveness check performed,title-v1-6c9f679468-k6xqm,GET,OK,200,2020-06-17T11:57:09Z,liveness-check,http://172.17.0.15:8081
title,info,Liveness check performed,title-v3-664c9b949b-cpt8j,GET,OK,200,2020-06-17T11:57:10Z,liveness-check,http://172.17.0.16:8081
title,info,Liveness check performed,title-v1-6c9f679468-k6xqm,GET,OK,200,2020-06-17T11:57:39Z,liveness-check,http://172.17.0.15:8081
title,info,Liveness check performed,title-v3-664c9b949b-cpt8j,GET,OK,200,2020-06-17T11:57:40Z,liveness-check,http://172.17.0.16:8081
title,info,Liveness check performed,title-v1-6c9f679468-k6xqm,GET,OK,200,2020-06-17T11:58:09Z,liveness-check,http://172.17.0.15:8081
title,info,Liveness check performed,title-v3-664c9b949b-cpt8j,GET,OK,200,2020-06-17T11:58:10Z,liveness-check,http://172.17.0.16:8081
title,info,Liveness check performed,title-v1-6c9f679468-k6xqm,GET,OK,200,2020-06-17T11:58:39Z,liveness-check,http://172.17.0.15:8081
title,info,Liveness check performed,title-v3-664c9b949b-cpt8j,GET,OK,200,2020-06-17T11:58:40Z,liveness-check,http://172.17.0.16:8081
title,info,Liveness check performed,title-v1-6c9f679468-k6xqm,GET,OK,200,2020-06-17T11:59:09Z,liveness-check,http://172.17.0.15:8081
title,info,Liveness check performed,title-v3-664c9b949b-cpt8j,GET,OK,200,2020-06-17T11:59:10Z,liveness-check,http://172.17.0.16:8081
title,info,Liveness check performed,title-v1-6c9f679468-k6xqm,GET,OK,200,2020-06-17T11:59:39Z,liveness-check,http://172.17.0.15:8081
title,info,Liveness check performed,title-v3-664c9b949b-cpt8j,GET,OK,200,2020-06-17T11:59:40Z,liveness-check,http://172.17.0.16:8081
title,info,Liveness check performed,title-v1-6c9f679468-k6xqm,GET,OK,200,2020-06-17T12:00:09Z,liveness-check,http://172.17.0.15:8081
title,info,Liveness check performed,title-v3-664c9b949b-cpt8j,GET,OK,200,2020-06-17T12:00:10Z,liveness-check,http://172.17.0.16:8081
title,info,Liveness check performed,title-v1-6c9f679468-k6xqm,GET,OK,200,2020-06-17T12:00:39Z,liveness-check,http://172.17.0.15:8081
title,info,Liveness check performed,title-v3-664c9b949b-cpt8j,GET,OK,200,2020-06-17T12:00:40Z,liveness-check,http://172.17.0.16:8081
title,info,Liveness check performed,title-v1-6c9f679468-k6xqm,GET,OK,200,2020-06-17T12:01:09Z,liveness-check,http://172.17.0.15:8081
title,info,Liveness check performed,title-v3-664c9b949b-cpt8j,GET,OK,200,2020-06-17T12:01:10Z,liveness-check,http://172.17.0.16:8081
title,info,Liveness check performed,title-v1-6c9f679468-k6xqm,GET,OK,200,2020-06-17T12:01:39Z,liveness-check,http://172.17.0.15:8081
title,info,Liveness check performed,title-v3-664c9b949b-cpt8j,GET,OK,200,2020-06-17T12:01:40Z,liveness-check,http://172.17.0.16:8081
title,info,Liveness check performed,title-v1-6c9f679468-k6xqm,GET,OK,200,2020-06-17T12:02:09Z,liveness-check,http://172.17.0.15:8081
title,info,Liveness check performed,title-v3-664c9b949b-cpt8j,GET,OK,200,2020-06-17T12:02:10Z,liveness-check,http://172.17.0.16:8081
title,info,Liveness check performed,title-v1-6c9f679468-k6xqm,GET,OK,200,2020-06-17T12:02:39Z,liveness-check,http://172.17.0.15:8081
title,info,Liveness check performed,title-v3-664c9b949b-cpt8j,GET,OK,200,2020-06-17T12:02:40Z,liveness-check,http://172.17.0.16:8081
title,info,Liveness check performed,title-v1-6c9f679468-k6xqm,GET,OK,200,2020-06-17T12:03:09Z,liveness-check,http://172.17.0.15:8081
title,info,Liveness check performed,title-v3-664c9b949b-cpt8j,GET,OK,200,2020-06-17T12:03:10Z,liveness-check,http://172.17.0.16:8081
title,info,Liveness check performed,title-v1-6c9f679468-k6xqm,GET,OK,200,2020-06-18T10:42:57Z,liveness-check,http://172.17.0.11:8081
title,info,Liveness check performed,title-v3-664c9b949b-cpt8j,GET,OK,200,2020-06-18T10:43:03Z,liveness-check,http://172.17.0.15:8081
title,info,Liveness check performed,title-v1-6c9f679468-k6xqm,GET,OK,200,2020-06-18T10:43:27Z,liveness-check,http://172.17.0.11:8081
title,info,Liveness check performed,title-v3-664c9b949b-cpt8j,GET,OK,200,2020-06-18T10:43:33Z,liveness-check,http://172.17.0.15:8081
title,info,Liveness check performed,title-v1-6c9f679468-k6xqm,GET,Internal Server Error,500,2020-06-18T10:43:57Z,liveness-check,http://172.17.0.11:8081
title,info,Liveness check performed,title-v3-664c9b949b-cpt8j,GET,Internal Server Error,500,2020-06-18T10:44:03Z,liveness-check,http://172.17.0.15:8081
title,info,Liveness check performed,title-v1-6c9f679468-k6xqm,GET,OK,200,2020-06-18T10:44:27Z,liveness-check,http://172.17.0.11:8081
title,info,Liveness check performed,title-v3-664c9b949b-cpt8j,GET,OK,200,2020-06-18T10:44:33Z,liveness-check,http://172.17.0.15:8081
title,info,Liveness check performed,title-v1-6c9f679468-k6xqm,GET,Internal Server Error,500,2020-06-18T10:44:57Z,liveness-check,http://172.17.0.11:8081
title,info,Liveness check performed,title-v3-664c9b949b-cpt8j,GET,OK,200,2020-06-18T10:45:03Z,liveness-check,http://172.17.0.15:8081
title,info,Liveness check performed,title-v1-6c9f679468-k6xqm,GET,OK,200,2020-06-18T10:45:27Z,liveness-check,http://172.17.0.11:8081
title,info,Liveness check performed,title-v3-664c9b949b-cpt8j,GET,OK,200,2020-06-18T10:45:33Z,liveness-check,http://172.17.0.15:8081
title,info,Liveness check performed,title-v1-6c9f679468-k6xqm,GET,OK,200,2020-06-18T10:45:57Z,liveness-check,http://172.17.0.11:8081
title,info,Liveness check performed,title-v3-664c9b949b-cpt8j,GET,OK,200,2020-06-18T10:46:03Z,liveness-check,http://172.17.0.15:8081
title,info,Liveness check performed,title-v1-6c9f679468-k6xqm,GET,OK,200,2020-06-18T10:46:27Z,liveness-check,http://172.17.0.11:8081
title,info,Liveness check performed,title-v3-664c9b949b-cpt8j,GET,OK,200,2020-06-18T10:46:33Z,liveness-check,http://172.17.0.15:8081
title,info,Liveness check performed,title-v1-6c9f679468-k6xqm,GET,OK,200,2020-06-18T10:46:57Z,liveness-check,http://172.17.0.11:8081
title,info,Liveness check performed,title-v3-664c9b949b-cpt8j,GET,OK,200,2020-06-18T10:47:03Z,liveness-check,http://172.17.0.15:8081
title,info,Liveness check performed,title-v1-6c9f679468-k6xqm,GET,OK,200,2020-06-18T10:47:27Z,liveness-check,http://172.17.0.11:8081
title,info,Liveness check performed,title-v3-664c9b949b-cpt8j,GET,OK,200,2020-06-18T10:47:33Z,liveness-check,http://172.17.0.15:8081
title,info,Liveness check performed,title-v1-6c9f679468-k6xqm,GET,OK,200,2020-06-18T10:47:57Z,liveness-check,http://172.17.0.11:8081
title,info,Liveness check performed,title-v3-664c9b949b-cpt8j,GET,OK,200,2020-06-18T10:48:03Z,liveness-check,http://172.17.0.15:8081
title,info,Liveness check performed,title-v1-6c9f679468-k6xqm,GET,OK,200,2020-06-18T10:48:27Z,liveness-check,http://172.17.0.11:8081
title,info,Liveness check performed,title-v3-664c9b949b-cpt8j,GET,OK,200,2020-06-18T10:48:33Z,liveness-check,http://172.17.0.15:8081
title,info,Liveness check performed,title-v1-6c9f679468-k6xqm,GET,Internal Server Error,500,2020-06-18T10:48:57Z,liveness-check,http://172.17.0.11:8081
title,info,Liveness check performed,title-v3-664c9b949b-cpt8j,GET,OK,200,2020-06-18T10:49:03Z,liveness-check,http://172.17.0.15:8081
title,info,Liveness check performed,title-v1-6c9f679468-k6xqm,GET,OK,200,2020-06-18T10:49:27Z,liveness-check,http://172.17.0.11:8081
title,info,Liveness check performed,title-v3-664c9b949b-cpt8j,GET,OK,200,2020-06-18T10:49:33Z,liveness-check,http://172.17.0.15:8081
title,info,Liveness check performed,title-v1-6c9f679468-k6xqm,GET,OK,200,2020-06-18T10:49:57Z,liveness-check,http://172.17.0.11:8081
title,info,Liveness check performed,title-v3-664c9b949b-cpt8j,GET,OK,200,2020-06-18T10:50:03Z,liveness-check,http://172.17.0.15:8081
title,info,Liveness check performed,title-v1-6c9f679468-k6xqm,GET,OK,200,2020-06-18T10:50:27Z,liveness-check,http://172.17.0.11:8081
title,info,Liveness check performed,title-v3-664c9b949b-cpt8j,GET,OK,200,2020-06-18T10:50:33Z,liveness-check,http://172.17.0.15:8081
title,info,Liveness check performed,title-v1-6c9f679468-k6xqm,GET,OK,200,2020-06-18T10:50:57Z,liveness-check,http://172.17.0.11:8081
title,info,Liveness check performed,title-v3-664c9b949b-cpt8j,GET,OK,200,2020-06-18T10:51:03Z,liveness-check,http://172.17.0.15:8081
title,info,Liveness check performed,title-v1-6c9f679468-k6xqm,GET,OK,200,2020-06-18T10:51:27Z,liveness-check,http://172.17.0.11:8081
title,info,Liveness check performed,title-v3-664c9b949b-cpt8j,GET,OK,200,2020-06-18T10:51:33Z,liveness-check,http://172.17.0.15:8081
title,info,Liveness check performed,title-v1-6c9f679468-k6xqm,GET,OK,200,2020-06-18T10:51:57Z,liveness-check,http://172.17.0.11:8081
title,info,Liveness check performed,title-v3-664c9b949b-cpt8j,GET,OK,200,2020-06-18T10:52:03Z,liveness-check,http://172.17.0.15:8081
title,info,Liveness check performed,title-v1-6c9f679468-k6xqm,GET,OK,200,2020-06-18T10:52:27Z,liveness-check,http://172.17.0.11:8081
title,info,Liveness check performed,title-v3-664c9b949b-cpt8j,GET,OK,200,2020-06-18T10:52:33Z,liveness-check,http://172.17.0.15:8081
title,info,Liveness check performed,title-v1-6c9f679468-k6xqm,GET,OK,200,2020-06-18T10:52:57Z,liveness-check,http://172.17.0.11:8081
title,info,Liveness check performed,title-v3-664c9b949b-cpt8j,GET,OK,200,2020-06-18T10:53:03Z,liveness-check,http://172.17.0.15:8081
title,info,Liveness check performed,title-v1-6c9f679468-k6xqm,GET,OK,200,2020-06-18T10:53:27Z,liveness-check,http://172.17.0.11:8081
title,info,Liveness check performed,title-v3-664c9b949b-cpt8j,GET,OK,200,2020-06-18T10:53:33Z,liveness-check,http://172.17.0.15:8081
title,info,Liveness check performed,title-v1-6c9f679468-k6xqm,GET,OK,200,2020-06-18T10:53:57Z,liveness-check,http://172.17.0.11:8081
title,info,Liveness check performed,title-v3-664c9b949b-cpt8j,GET,OK,200,2020-06-18T10:54:03Z,liveness-check,http://172.17.0.15:8081
title,info,Liveness check performed,title-v1-6c9f679468-k6xqm,GET,OK,200,2020-06-18T10:54:27Z,liveness-check,http://172.17.0.11:8081
title,info,Liveness check performed,title-v3-664c9b949b-cpt8j,GET,OK,200,2020-06-18T10:54:33Z,liveness-check,http://172.17.0.15:8081
title,info,Liveness check performed,title-v1-6c9f679468-k6xqm,GET,OK,200,2020-06-18T10:54:57Z,liveness-check,http://172.17.0.11:8081
title,info,Liveness check performed,title-v3-664c9b949b-cpt8j,GET,OK,200,2020-06-18T10:55:03Z,liveness-check,http://172.17.0.15:8081
title,info,Liveness check performed,title-v1-6c9f679468-k6xqm,GET,OK,200,2020-06-18T10:55:27Z,liveness-check,http://172.17.0.11:8081
title,info,Liveness check performed,title-v3-664c9b949b-cpt8j,GET,Internal Server Error,500,2020-06-18T10:55:33Z,liveness-check,http://172.17.0.15:8081
title,info,Liveness check performed,title-v1-6c9f679468-k6xqm,GET,OK,200,2020-06-18T10:55:57Z,liveness-check,http://172.17.0.11:8081
title,info,Liveness check performed,title-v3-664c9b949b-cpt8j,GET,OK,200,2020-06-18T10:56:03Z,liveness-check,http://172.17.0.15:8081
title,info,Liveness check performed,title-v1-6c9f679468-k6xqm,GET,OK,200,2020-06-18T10:56:27Z,liveness-check,http://172.17.0.11:8081
title,info,Liveness check performed,title-v3-664c9b949b-cpt8j,GET,OK,200,2020-06-18T10:56:33Z,liveness-check,http://172.17.0.15:8081
title,info,Liveness check performed,title-v1-6c9f679468-k6xqm,GET,OK,200,2020-06-18T10:56:57Z,liveness-check,http://172.17.0.11:8081
title,info,Liveness check performed,title-v3-664c9b949b-cpt8j,GET,OK,200,2020-06-18T10:57:03Z,liveness-check,http://172.17.0.15:8081
title,info,Liveness check performed,title-v1-6c9f679468-k6xqm,GET,OK,200,2020-06-18T10:57:27Z,liveness-check,http://172.17.0.11:8081
title,info,Liveness check performed,title-v3-664c9b949b-cpt8j,GET,OK,200,2020-06-18T10:57:33Z,liveness-check,http://172.17.0.15:8081
title,info,Liveness check performed,title-v1-6c9f679468-k6xqm,GET,OK,200,2020-06-18T10:57:57Z,liveness-check,http://172.17.0.11:8081
title,info,Liveness check performed,title-v3-664c9b949b-cpt8j,GET,OK,200,2020-06-18T10:58:03Z,liveness-check,http://172.17.0.15:8081
title,info,Liveness check performed,title-v1-6c9f679468-k6xqm,GET,Internal Server Error,500,2020-06-18T10:58:27Z,liveness-check,http://172.17.0.11:8081
title,info,Liveness check performed,title-v3-664c9b949b-cpt8j,GET,Internal Server Error,500,2020-06-18T10:58:33Z,liveness-check,http://172.17.0.15:8081
title,info,Liveness check performed,title-v1-6c9f679468-k6xqm,GET,Internal Server Error,500,2020-06-18T10:58:57Z,liveness-check,http://172.17.0.11:8081
title,info,Liveness check performed,title-v3-664c9b949b-cpt8j,GET,OK,200,2020-06-18T10:59:03Z,liveness-check,http://172.17.0.15:8081
title,info,Liveness check performed,title-v1-6c9f679468-k6xqm,GET,OK,200,2020-06-18T10:59:27Z,liveness-check,http://172.17.0.11:8081
title,info,Liveness check performed,title-v3-664c9b949b-cpt8j,GET,OK,200,2020-06-18T10:59:33Z,liveness-check,http://172.17.0.15:8081
title,info,Liveness check performed,title-v1-6c9f679468-k6xqm,GET,OK,200,2020-06-18T10:59:57Z,liveness-check,http://172.17.0.11:8081
title,info,Liveness check performed,title-v3-664c9b949b-cpt8j,GET,OK,200,2020-06-18T11:00:03Z,liveness-check,http://172.17.0.15:8081
title,info,Liveness check performed,title-v1-6c9f679468-k6xqm,GET,OK,200,2020-06-18T11:00:27Z,liveness-check,http://172.17.0.11:8081
title,info,Liveness check performed,title-v3-664c9b949b-cpt8j,GET,OK,200,2020-06-18T11:00:33Z,liveness-check,http://172.17.0.15:8081
title,info,Liveness check performed,title-v1-6c9f679468-k6xqm,GET,OK,200,2020-06-18T11:00:57Z,liveness-check,http://172.17.0.11:8081
title,info,Liveness check performed,title-v3-664c9b949b-cpt8j,GET,OK,200,2020-06-18T11:01:03Z,liveness-check,http://172.17.0.15:8081
title,info,Liveness check performed,title-v1-6c9f679468-k6xqm,GET,OK,200,2020-06-18T11:01:27Z,liveness-check,http://172.17.0.11:8081
title,info,Liveness check performed,title-v3-664c9b949b-cpt8j,GET,OK,200,2020-06-18T11:01:33Z,liveness-check,http://172.17.0.15:8081
title,info,Liveness check performed,title-v1-6c9f679468-k6xqm,GET,OK,200,2020-06-18T11:01:57Z,liveness-check,http://172.17.0.11:8081
title,info,Liveness check performed,title-v3-664c9b949b-cpt8j,GET,OK,200,2020-06-18T11:02:03Z,liveness-check,http://172.17.0.15:8081
title,info,Liveness check performed,title-v1-6c9f679468-k6xqm,GET,OK,200,2020-06-18T11:02:27Z,liveness-check,http://172.17.0.11:8081
title,info,Liveness check performed,title-v3-664c9b949b-cpt8j,GET,OK,200,2020-06-18T11:02:33Z,liveness-check,http://172.17.0.15:8081
title,info,Liveness check performed,title-v1-6c9f679468-k6xqm,GET,OK,200,2020-06-18T11:02:57Z,liveness-check,http://172.17.0.11:8081
title,info,Liveness check performed,title-v3-664c9b949b-cpt8j,GET,OK,200,2020-06-18T11:03:03Z,liveness-check,http://172.17.0.15:8081
title,info,Liveness check performed,title-v1-6c9f679468-k6xqm,GET,OK,200,2020-06-18T11:03:27Z,liveness-check,http://172.17.0.11:8081
title,info,Liveness check performed,title-v3-664c9b949b-cpt8j,GET,OK,200,2020-06-18T11:03:33Z,liveness-check,http://172.17.0.15:8081
title,info,Liveness check performed,title-v1-6c9f679468-k6xqm,GET,OK,200,2020-06-18T11:03:57Z,liveness-check,http://172.17.0.11:8081
title,info,Liveness check performed,title-v3-664c9b949b-cpt8j,GET,OK,200,2020-06-18T11:04:03Z,liveness-check,http://172.17.0.15:8081
title,info,Liveness check performed,title-v1-6c9f679468-k6xqm,GET,OK,200,2020-06-18T11:04:27Z,liveness-check,http://172.17.0.11:8081
title,info,Liveness check performed,title-v3-664c9b949b-cpt8j,GET,OK,200,2020-06-18T11:04:33Z,liveness-check,http://172.17.0.15:8081
title,info,Liveness check performed,title-v1-6c9f679468-k6xqm,GET,OK,200,2020-06-18T11:04:57Z,liveness-check,http://172.17.0.11:8081
title,info,Liveness check performed,title-v3-664c9b949b-cpt8j,GET,OK,200,2020-06-18T11:05:03Z,liveness-check,http://172.17.0.15:8081
title,info,Liveness check performed,title-v1-6c9f679468-k6xqm,GET,OK,200,2020-06-18T11:05:27Z,liveness-check,http://172.17.0.11:8081
title,info,Liveness check performed,title-v3-664c9b949b-cpt8j,GET,OK,200,2020-06-18T11:05:33Z,liveness-check,http://172.17.0.15:8081
title,info,Liveness check performed,title-v1-6c9f679468-k6xqm,GET,OK,200,2020-06-18T11:05:57Z,liveness-check,http://172.17.0.11:8081
title,info,Liveness check performed,title-v3-664c9b949b-cpt8j,GET,OK,200,2020-06-18T11:06:03Z,liveness-check,http://172.17.0.15:8081
title,info,Liveness check performed,title-v1-6c9f679468-k6xqm,GET,Internal Server Error,500,2020-06-18T11:06:27Z,liveness-check,http://172.17.0.11:8081
title,info,Liveness check performed,title-v3-664c9b949b-cpt8j,GET,OK,200,2020-06-18T11:06:33Z,liveness-check,http://172.17.0.15:8081
title,info,Liveness check performed,title-v1-6c9f679468-k6xqm,GET,OK,200,2020-06-18T11:06:57Z,liveness-check,http://172.17.0.11:8081
title,info,Liveness check performed,title-v3-664c9b949b-cpt8j,GET,Internal Server Error,500,2020-06-18T11:07:03Z,liveness-check,http://172.17.0.15:8081
title,info,Liveness check performed,title-v1-6c9f679468-k6xqm,GET,OK,200,2020-06-18T11:07:27Z,liveness-check,http://172.17.0.11:8081
title,info,Liveness check performed,title-v3-664c9b949b-cpt8j,GET,OK,200,2020-06-18T11:07:33Z,liveness-check,http://172.17.0.15:8081
title,info,Liveness check performed,title-v1-6c9f679468-k6xqm,GET,Internal Server Error,500,2020-06-18T11:07:57Z,liveness-check,http://172.17.0.11:8081
title,info,Liveness check performed,title-v3-664c9b949b-cpt8j,GET,OK,200,2020-06-18T11:08:03Z,liveness-check,http://172.17.0.15:8081
title,info,Liveness check performed,title-v1-6c9f679468-k6xqm,GET,OK,200,2020-06-18T11:08:27Z,liveness-check,http://172.17.0.11:8081
title,info,Liveness check performed,title-v3-664c9b949b-cpt8j,GET,OK,200,2020-06-18T11:08:33Z,liveness-check,http://172.17.0.15:8081
title,info,Liveness check performed,title-v1-6c9f679468-k6xqm,GET,OK,200,2020-06-18T11:08:57Z,liveness-check,http://172.17.0.11:8081
title,info,Liveness check performed,title-v3-664c9b949b-cpt8j,GET,OK,200,2020-06-18T11:09:03Z,liveness-check,http://172.17.0.15:8081
title,info,Liveness check performed,title-v1-6c9f679468-k6xqm,GET,OK,200,2020-06-18T11:09:27Z,liveness-check,http://172.17.0.11:8081
title,info,Liveness check performed,title-v3-664c9b949b-cpt8j,GET,OK,200,2020-06-18T11:09:33Z,liveness-check,http://172.17.0.15:8081
title,info,Liveness check performed,title-v1-6c9f679468-k6xqm,GET,OK,200,2020-06-18T11:09:57Z,liveness-check,http://172.17.0.11:8081
title,info,Liveness check performed,title-v3-664c9b949b-cpt8j,GET,OK,200,2020-06-18T11:10:03Z,liveness-check,http://172.17.0.15:8081
title,info,Liveness check performed,title-v1-6c9f679468-k6xqm,GET,Internal Server Error,500,2020-06-18T11:10:27Z,liveness-check,http://172.17.0.11:8081
title,info,Liveness check performed,title-v3-664c9b949b-cpt8j,GET,OK,200,2020-06-18T11:10:33Z,liveness-check,http://172.17.0.15:8081
title,info,Liveness check performed,title-v1-6c9f679468-k6xqm,GET,OK,200,2020-06-18T11:10:57Z,liveness-check,http://172.17.0.11:8081
title,info,Liveness check performed,title-v3-664c9b949b-cpt8j,GET,OK,200,2020-06-18T11:11:03Z,liveness-check,http://172.17.0.15:8081
title,info,Liveness check performed,title-v1-6c9f679468-k6xqm,GET,OK,200,2020-06-18T11:11:27Z,liveness-check,http://172.17.0.11:8081
title,info,Liveness check performed,title-v3-664c9b949b-cpt8j,GET,OK,200,2020-06-18T11:11:33Z,liveness-check,http://172.17.0.15:8081
title,info,Liveness check performed,title-v1-6c9f679468-k6xqm,GET,OK,200,2020-06-18T11:11:57Z,liveness-check,http://172.17.0.11:8081
title,info,Liveness check performed,title-v3-664c9b949b-cpt8j,GET,OK,200,2020-06-18T11:12:03Z,liveness-check,http://172.17.0.15:8081
title,info,Liveness check performed,title-v1-6c9f679468-k6xqm,GET,OK,200,2020-06-18T11:12:27Z,liveness-check,http://172.17.0.11:8081
title,info,Liveness check performed,title-v3-664c9b949b-cpt8j,GET,OK,200,2020-06-18T11:12:33Z,liveness-check,http://172.17.0.15:8081
title,info,Liveness check performed,title-v1-6c9f679468-k6xqm,GET,OK,200,2020-06-18T11:12:57Z,liveness-check,http://172.17.0.11:8081
title,info,Liveness check performed,title-v3-664c9b949b-cpt8j,GET,OK,200,2020-06-18T11:13:03Z,liveness-check,http://172.17.0.15:8081
title,info,Liveness check performed,title-v1-6c9f679468-k6xqm,GET,Internal Server Error,500,2020-06-18T11:13:27Z,liveness-check,http://172.17.0.11:8081
title,info,Liveness check performed,title-v3-664c9b949b-cpt8j,GET,OK,200,2020-06-18T11:13:33Z,liveness-check,http://172.17.0.15:8081
title,info,Liveness check performed,title-v1-6c9f679468-k6xqm,GET,Internal Server Error,500,2020-06-18T11:13:57Z,liveness-check,http://172.17.0.11:8081
title,info,Liveness check performed,title-v3-664c9b949b-cpt8j,GET,OK,200,2020-06-18T11:14:03Z,liveness-check,http://172.17.0.15:8081
title,info,Liveness check performed,title-v1-6c9f679468-k6xqm,GET,OK,200,2020-06-18T11:14:27Z,liveness-check,http://172.17.0.11:8081
title,info,Liveness check performed,title-v3-664c9b949b-cpt8j,GET,OK,200,2020-06-18T11:14:33Z,liveness-check,http://172.17.0.15:8081
title,info,Liveness check performed,title-v1-6c9f679468-k6xqm,GET,OK,200,2020-06-18T11:14:57Z,liveness-check,http://172.17.0.11:8081
title,info,Liveness check performed,title-v3-664c9b949b-cpt8j,GET,OK,200,2020-06-18T11:15:03Z,liveness-check,http://172.17.0.15:8081
title,info,Liveness check performed,title-v1-6c9f679468-k6xqm,GET,OK,200,2020-06-18T11:15:27Z,liveness-check,http://172.17.0.11:8081
title,info,Liveness check performed,title-v3-664c9b949b-cpt8j,GET,OK,200,2020-06-18T11:15:33Z,liveness-check,http://172.17.0.15:8081
title,info,Liveness check performed,title-v1-6c9f679468-k6xqm,GET,OK,200,2020-06-18T11:15:57Z,liveness-check,http://172.17.0.11:8081
title,info,Liveness check performed,title-v3-664c9b949b-cpt8j,GET,OK,200,2020-06-18T11:16:03Z,liveness-check,http://172.17.0.15:8081
title,info,Liveness check performed,title-v1-6c9f679468-k6xqm,GET,OK,200,2020-06-18T11:16:27Z,liveness-check,http://172.17.0.11:8081
title,info,Liveness check performed,title-v3-664c9b949b-cpt8j,GET,OK,200,2020-06-18T11:16:33Z,liveness-check,http://172.17.0.15:8081
title,info,Liveness check performed,title-v1-6c9f679468-k6xqm,GET,OK,200,2020-06-18T11:16:57Z,liveness-check,http://172.17.0.11:8081
title,info,Liveness check performed,title-v3-664c9b949b-cpt8j,GET,OK,200,2020-06-18T11:17:03Z,liveness-check,http://172.17.0.15:8081
title,info,Liveness check performed,title-v1-6c9f679468-k6xqm,GET,OK,200,2020-06-18T11:17:27Z,liveness-check,http://172.17.0.11:8081
title,info,Liveness check performed,title-v3-664c9b949b-cpt8j,GET,OK,200,2020-06-18T11:17:33Z,liveness-check,http://172.17.0.15:8081
title,info,Liveness check performed,title-v1-6c9f679468-k6xqm,GET,OK,200,2020-06-18T12:33:21Z,liveness-check,http://172.17.0.11:8081
title,info,Liveness check performed,title-v3-664c9b949b-cpt8j,GET,OK,200,2020-06-18T12:33:27Z,liveness-check,http://172.17.0.15:8081
title,info,Liveness check performed,title-v1-6c9f679468-k6xqm,GET,OK,200,2020-06-19T12:57:53Z,liveness-check,http://172.17.0.7:8081
title,info,Liveness check performed,title-v3-664c9b949b-cpt8j,GET,OK,200,2020-06-19T12:57:53Z,liveness-check,http://172.17.0.9:8081
title,info,Liveness check performed,title-v1-6c9f679468-k6xqm,GET,OK,200,2020-06-19T12:58:23Z,liveness-check,http://172.17.0.7:8081
title,info,Liveness check performed,title-v3-664c9b949b-cpt8j,GET,OK,200,2020-06-19T12:58:23Z,liveness-check,http://172.17.0.9:8081
title,info,Liveness check performed,title-v1-6c9f679468-k6xqm,GET,OK,200,2020-06-19T12:58:53Z,liveness-check,http://172.17.0.7:8081
title,info,Liveness check performed,title-v3-664c9b949b-cpt8j,GET,OK,200,2020-06-19T12:58:53Z,liveness-check,http://172.17.0.9:8081
title,info,Liveness check performed,title-v1-6c9f679468-k6xqm,GET,OK,200,2020-06-19T12:59:23Z,liveness-check,http://172.17.0.7:8081
title,info,Liveness check performed,title-v3-664c9b949b-cpt8j,GET,OK,200,2020-06-19T12:59:23Z,liveness-check,http://172.17.0.9:8081
title,info,Liveness check performed,title-v1-6c9f679468-k6xqm,GET,Internal Server Error,500,2020-06-19T12:59:53Z,liveness-check,http://172.17.0.7:8081
title,info,Liveness check performed,title-v3-664c9b949b-cpt8j,GET,OK,200,2020-06-19T12:59:53Z,liveness-check,http://172.17.0.9:8081
title,info,Liveness check performed,title-v1-6c9f679468-k6xqm,GET,Internal Server Error,500,2020-06-19T13:00:53Z,liveness-check,http://172.17.0.7:8081
title,info,Liveness check performed,title-v3-664c9b949b-cpt8j,GET,OK,200,2020-06-19T13:00:23Z,liveness-check,http://172.17.0.9:8081
title,info,Liveness check performed,title-v1-6c9f679468-k6xqm,GET,OK,200,2020-06-19T13:01:23Z,liveness-check,http://172.17.0.7:8081
title,info,Liveness check performed,title-v3-664c9b949b-cpt8j,GET,OK,200,2020-06-19T13:01:23Z,liveness-check,http://172.17.0.9:8081
title,info,Liveness check performed,title-v1-6c9f679468-k6xqm,GET,Internal Server Error,500,2020-06-19T13:01:53Z,liveness-check,http://172.17.0.7:8081
title,info,Liveness check performed,title-v3-664c9b949b-cpt8j,GET,OK,200,2020-06-19T13:01:53Z,liveness-check,http://172.17.0.9:8081
title,info,Liveness check performed,title-v1-6c9f679468-k6xqm,GET,OK,200,2020-06-19T13:02:23Z,liveness-check,http://172.17.0.7:8081
title,info,Liveness check performed,title-v3-664c9b949b-cpt8j,GET,OK,200,2020-06-19T13:02:23Z,liveness-check,http://172.17.0.9:8081
title,info,Liveness check performed,title-v1-6c9f679468-k6xqm,GET,OK,200,2020-06-19T13:02:53Z,liveness-check,http://172.17.0.7:8081
title,info,Liveness check performed,title-v3-664c9b949b-cpt8j,GET,Internal Server Error,500,2020-06-19T13:02:53Z,liveness-check,http://172.17.0.9:8081
title,info,Liveness check performed,title-v1-6c9f679468-k6xqm,GET,OK,200,2020-06-19T13:03:23Z,liveness-check,http://172.17.0.7:8081
title,info,Liveness check performed,title-v3-664c9b949b-cpt8j,GET,OK,200,2020-06-19T13:03:23Z,liveness-check,http://172.17.0.9:8081
title,info,Liveness check performed,title-v1-6c9f679468-k6xqm,GET,OK,200,2020-06-19T13:03:53Z,liveness-check,http://172.17.0.7:8081
title,info,Liveness check performed,title-v3-664c9b949b-cpt8j,GET,OK,200,2020-06-19T13:03:53Z,liveness-check,http://172.17.0.9:8081
title,info,Liveness check performed,title-v1-6c9f679468-k6xqm,GET,OK,200,2020-06-19T13:04:23Z,liveness-check,http://172.17.0.7:8081
title,info,Liveness check performed,title-v3-664c9b949b-cpt8j,GET,OK,200,2020-06-19T13:04:23Z,liveness-check,http://172.17.0.9:8081
title,info,Liveness check performed,title-v1-6c9f679468-k6xqm,GET,OK,200,2020-06-19T13:04:53Z,liveness-check,http://172.17.0.7:8081
title,info,Liveness check performed,title-v3-664c9b949b-cpt8j,GET,Internal Server Error,500,2020-06-19T13:04:53Z,liveness-check,http://172.17.0.9:8081
title,info,Liveness check performed,title-v1-6c9f679468-k6xqm,GET,Internal Server Error,500,2020-06-19T13:05:23Z,liveness-check,http://172.17.0.7:8081
title,info,Liveness check performed,title-v3-664c9b949b-cpt8j,GET,OK,200,2020-06-19T13:05:23Z,liveness-check,http://172.17.0.9:8081
title,info,Liveness check performed,title-v1-6c9f679468-k6xqm,GET,OK,200,2020-06-19T13:05:53Z,liveness-check,http://172.17.0.7:8081
title,info,Liveness check performed,title-v3-664c9b949b-cpt8j,GET,OK,200,2020-06-19T13:05:53Z,liveness-check,http://172.17.0.9:8081
title,info,Liveness check performed,title-v1-6c9f679468-k6xqm,GET,OK,200,2020-06-19T13:06:23Z,liveness-check,http://172.17.0.7:8081
title,info,Liveness check performed,title-v3-664c9b949b-cpt8j,GET,OK,200,2020-06-19T13:06:23Z,liveness-check,http://172.17.0.9:8081
title,info,Liveness check performed,title-v1-6c9f679468-k6xqm,GET,OK,200,2020-06-19T13:06:53Z,liveness-check,http://172.17.0.7:8081
title,info,Liveness check performed,title-v3-664c9b949b-cpt8j,GET,OK,200,2020-06-19T13:06:53Z,liveness-check,http://172.17.0.9:8081
title,info,Liveness check performed,title-v1-6c9f679468-k6xqm,GET,Internal Server Error,500,2020-06-19T13:07:23Z,liveness-check,http://172.17.0.7:8081
title,info,Liveness check performed,title-v3-664c9b949b-cpt8j,GET,OK,200,2020-06-19T13:07:23Z,liveness-check,http://172.17.0.9:8081
title,info,Liveness check performed,title-v1-6c9f679468-k6xqm,GET,OK,200,2020-06-19T13:07:53Z,liveness-check,http://172.17.0.7:8081
title,info,Liveness check performed,title-v3-664c9b949b-cpt8j,GET,OK,200,2020-06-19T13:07:53Z,liveness-check,http://172.17.0.9:8081
title,info,Liveness check performed,title-v1-6c9f679468-k6xqm,GET,OK,200,2020-06-19T13:08:23Z,liveness-check,http://172.17.0.7:8081
title,info,Liveness check performed,title-v3-664c9b949b-cpt8j,GET,OK,200,2020-06-19T13:08:23Z,liveness-check,http://172.17.0.9:8081
title,info,Liveness check performed,title-v1-6c9f679468-k6xqm,GET,OK,200,2020-06-19T13:08:53Z,liveness-check,http://172.17.0.7:8081
title,info,Liveness check performed,title-v3-664c9b949b-cpt8j,GET,OK,200,2020-06-19T13:08:53Z,liveness-check,http://172.17.0.9:8081
title,info,Liveness check performed,title-v1-6c9f679468-k6xqm,GET,OK,200,2020-06-19T13:09:23Z,liveness-check,http://172.17.0.7:8081
title,info,Liveness check performed,title-v3-664c9b949b-cpt8j,GET,OK,200,2020-06-19T13:09:23Z,liveness-check,http://172.17.0.9:8081
title,info,Liveness check performed,title-v1-6c9f679468-k6xqm,GET,OK,200,2020-06-19T13:09:53Z,liveness-check,http://172.17.0.7:8081
title,info,Liveness check performed,title-v3-664c9b949b-cpt8j,GET,OK,200,2020-06-19T13:09:53Z,liveness-check,http://172.17.0.9:8081
title,info,Liveness check performed,title-v1-6c9f679468-k6xqm,GET,OK,200,2020-06-19T13:10:23Z,liveness-check,http://172.17.0.7:8081
title,info,Liveness check performed,title-v3-664c9b949b-cpt8j,GET,OK,200,2020-06-19T13:10:23Z,liveness-check,http://172.17.0.9:8081
title,info,Liveness check performed,title-v1-6c9f679468-k6xqm,GET,OK,200,2020-06-19T13:10:53Z,liveness-check,http://172.17.0.7:8081
title,info,Liveness check performed,title-v3-664c9b949b-cpt8j,GET,OK,200,2020-06-19T13:10:53Z,liveness-check,http://172.17.0.9:8081
title,info,Liveness check performed,title-v1-6c9f679468-k6xqm,GET,OK,200,2020-06-19T13:11:23Z,liveness-check,http://172.17.0.7:8081
title,info,Liveness check performed,title-v3-664c9b949b-cpt8j,GET,Internal Server Error,500,2020-06-19T13:11:23Z,liveness-check,http://172.17.0.9:8081
title,info,Liveness check performed,title-v1-6c9f679468-k6xqm,GET,OK,200,2020-06-19T13:11:53Z,liveness-check,http://172.17.0.7:8081
title,info,Liveness check performed,title-v3-664c9b949b-cpt8j,GET,OK,200,2020-06-19T13:11:53Z,liveness-check,http://172.17.0.9:8081
title,info,Liveness check performed,title-v1-6c9f679468-k6xqm,GET,Internal Server Error,500,2020-06-19T13:12:23Z,liveness-check,http://172.17.0.7:8081
title,info,Liveness check performed,title-v3-664c9b949b-cpt8j,GET,OK,200,2020-06-19T13:12:23Z,liveness-check,http://172.17.0.9:8081
title,info,Liveness check performed,title-v1-6c9f679468-k6xqm,GET,OK,200,2020-06-19T13:12:53Z,liveness-check,http://172.17.0.7:8081
title,info,Liveness check performed,title-v3-664c9b949b-cpt8j,GET,OK,200,2020-06-19T13:12:53Z,liveness-check,http://172.17.0.9:8081
title,info,Liveness check performed,title-v1-6c9f679468-k6xqm,GET,OK,200,2020-06-19T13:13:23Z,liveness-check,http://172.17.0.7:8081
title,info,Liveness check performed,title-v3-664c9b949b-cpt8j,GET,OK,200,2020-06-19T13:13:23Z,liveness-check,http://172.17.0.9:8081
title,info,Liveness check performed,title-v1-6c9f679468-k6xqm,GET,OK,200,2020-06-19T13:13:53Z,liveness-check,http://172.17.0.7:8081
title,info,Liveness check performed,title-v3-664c9b949b-cpt8j,GET,OK,200,2020-06-19T13:13:53Z,liveness-check,http://172.17.0.9:8081
title,info,Liveness check performed,title-v1-6c9f679468-k6xqm,GET,OK,200,2020-06-19T13:14:23Z,liveness-check,http://172.17.0.7:8081
title,info,Liveness check performed,title-v3-664c9b949b-cpt8j,GET,Internal Server Error,500,2020-06-19T13:14:23Z,liveness-check,http://172.17.0.9:8081
title,info,Liveness check performed,title-v1-6c9f679468-k6xqm,GET,OK,200,2020-06-19T13:14:53Z,liveness-check,http://172.17.0.7:8081
title,info,Liveness check performed,title-v3-664c9b949b-cpt8j,GET,OK,200,2020-06-19T13:14:53Z,liveness-check,http://172.17.0.9:8081
title,info,Liveness check performed,title-v1-6c9f679468-k6xqm,GET,OK,200,2020-06-19T13:15:23Z,liveness-check,http://172.17.0.7:8081
title,info,Liveness check performed,title-v3-664c9b949b-cpt8j,GET,OK,200,2020-06-19T13:15:23Z,liveness-check,http://172.17.0.9:8081
title,info,Liveness check performed,title-v1-6c9f679468-k6xqm,GET,OK,200,2020-06-19T13:15:53Z,liveness-check,http://172.17.0.7:8081
title,info,Liveness check performed,title-v3-664c9b949b-cpt8j,GET,OK,200,2020-06-19T13:15:53Z,liveness-check,http://172.17.0.9:8081
title,info,Liveness check performed,title-v1-6c9f679468-k6xqm,GET,OK,200,2020-06-19T13:16:23Z,liveness-check,http://172.17.0.7:8081
title,info,Liveness check performed,title-v3-664c9b949b-cpt8j,GET,OK,200,2020-06-19T13:16:23Z,liveness-check,http://172.17.0.9:8081
title,info,Liveness check performed,title-v1-6c9f679468-k6xqm,GET,OK,200,2020-06-19T13:16:53Z,liveness-check,http://172.17.0.7:8081
title,info,Liveness check performed,title-v3-664c9b949b-cpt8j,GET,OK,200,2020-06-19T13:16:53Z,liveness-check,http://172.17.0.9:8081
title,info,Liveness check performed,title-v1-6c9f679468-k6xqm,GET,OK,200,2020-06-19T13:17:23Z,liveness-check,http://172.17.0.7:8081
title,info,Liveness check performed,title-v3-664c9b949b-cpt8j,GET,OK,200,2020-06-19T13:17:23Z,liveness-check,http://172.17.0.9:8081
title,info,Liveness check performed,title-v1-6c9f679468-k6xqm,GET,OK,200,2020-06-19T13:17:53Z,liveness-check,http://172.17.0.7:8081
title,info,Liveness check performed,title-v3-664c9b949b-cpt8j,GET,Internal Server Error,500,2020-06-19T13:17:53Z,liveness-check,http://172.17.0.9:8081
title,info,Liveness check performed,title-v1-6c9f679468-k6xqm,GET,OK,200,2020-06-19T13:18:23Z,liveness-check,http://172.17.0.7:8081
title,info,Liveness check performed,title-v3-664c9b949b-cpt8j,GET,OK,200,2020-06-19T13:18:23Z,liveness-check,http://172.17.0.9:8081
title,info,Liveness check performed,title-v1-6c9f679468-k6xqm,GET,OK,200,2020-06-19T13:18:53Z,liveness-check,http://172.17.0.7:8081
title,info,Liveness check performed,title-v3-664c9b949b-cpt8j,GET,OK,200,2020-06-19T13:18:53Z,liveness-check,http://172.17.0.9:8081
title,info,Liveness check performed,title-v1-6c9f679468-k6xqm,GET,OK,200,2020-06-19T13:19:23Z,liveness-check,http://172.17.0.7:8081
title,info,Liveness check performed,title-v3-664c9b949b-cpt8j,GET,OK,200,2020-06-19T13:19:23Z,liveness-check,http://172.17.0.9:8081
title,info,Liveness check performed,title-v1-6c9f679468-k6xqm,GET,OK,200,2020-06-19T13:19:53Z,liveness-check,http://172.17.0.7:8081
title,info,Liveness check performed,title-v3-664c9b949b-cpt8j,GET,OK,200,2020-06-19T13:19:53Z,liveness-check,http://172.17.0.9:8081
title,info,Liveness check performed,title-v1-6c9f679468-k6xqm,GET,OK,200,2020-06-19T13:20:23Z,liveness-check,http://172.17.0.7:8081
title,info,Liveness check performed,title-v3-664c9b949b-cpt8j,GET,OK,200,2020-06-19T13:20:23Z,liveness-check,http://172.17.0.9:8081
title,info,Liveness check performed,title-v1-6c9f679468-k6xqm,GET,OK,200,2020-06-19T13:20:53Z,liveness-check,http://172.17.0.7:8081
title,info,Liveness check performed,title-v3-664c9b949b-cpt8j,GET,OK,200,2020-06-19T13:20:53Z,liveness-check,http://172.17.0.9:8081
title,info,Liveness check performed,title-v1-6c9f679468-k6xqm,GET,OK,200,2020-06-19T13:21:23Z,liveness-check,http://172.17.0.7:8081
title,info,Liveness check performed,title-v3-664c9b949b-cpt8j,GET,OK,200,2020-06-19T13:21:23Z,liveness-check,http://172.17.0.9:8081
title,info,Liveness check performed,title-v1-6c9f679468-k6xqm,GET,OK,200,2020-06-19T13:21:53Z,liveness-check,http://172.17.0.7:8081
title,info,Liveness check performed,title-v3-664c9b949b-cpt8j,GET,OK,200,2020-06-19T13:21:53Z,liveness-check,http://172.17.0.9:8081
title,info,Liveness check performed,title-v1-6c9f679468-k6xqm,GET,Internal Server Error,500,2020-06-19T13:22:23Z,liveness-check,http://172.17.0.7:8081
title,info,Liveness check performed,title-v3-664c9b949b-cpt8j,GET,OK,200,2020-06-19T13:22:23Z,liveness-check,http://172.17.0.9:8081
title,info,Liveness check performed,title-v1-6c9f679468-k6xqm,GET,OK,200,2020-06-19T13:22:53Z,liveness-check,http://172.17.0.7:8081
title,info,Liveness check performed,title-v3-664c9b949b-cpt8j,GET,OK,200,2020-06-19T13:22:53Z,liveness-check,http://172.17.0.9:8081
title,info,Liveness check performed,title-v1-6c9f679468-k6xqm,GET,OK,200,2020-06-19T13:23:24Z,liveness-check,http://172.17.0.7:8081
title,info,Liveness check performed,title-v3-664c9b949b-cpt8j,GET,OK,200,2020-06-19T13:23:24Z,liveness-check,http://172.17.0.9:8081
title,info,Liveness check performed,title-v1-6c9f679468-k6xqm,GET,Internal Server Error,500,2020-06-19T13:23:54Z,liveness-check,http://172.17.0.7:8081
title,info,Liveness check performed,title-v3-664c9b949b-cpt8j,GET,OK,200,2020-06-19T13:23:54Z,liveness-check,http://172.17.0.9:8081
title,info,Liveness check performed,title-v1-6c9f679468-k6xqm,GET,OK,200,2020-06-19T13:24:24Z,liveness-check,http://172.17.0.7:8081
title,info,Liveness check performed,title-v3-664c9b949b-cpt8j,GET,OK,200,2020-06-19T13:24:24Z,liveness-check,http://172.17.0.9:8081
title,info,Liveness check performed,title-v1-6c9f679468-k6xqm,GET,OK,200,2020-06-19T13:24:54Z,liveness-check,http://172.17.0.7:8081
title,info,Liveness check performed,title-v3-664c9b949b-cpt8j,GET,OK,200,2020-06-19T13:24:54Z,liveness-check,http://172.17.0.9:8081
title,info,Liveness check performed,title-v1-6c9f679468-k6xqm,GET,OK,200,2020-06-19T13:25:24Z,liveness-check,http://172.17.0.7:8081
title,info,Liveness check performed,title-v3-664c9b949b-cpt8j,GET,OK,200,2020-06-19T13:25:24Z,liveness-check,http://172.17.0.9:8081
title,info,Liveness check performed,title-v1-6c9f679468-k6xqm,GET,OK,200,2020-06-19T13:25:54Z,liveness-check,http://172.17.0.7:8081
title,info,Liveness check performed,title-v3-664c9b949b-cpt8j,GET,OK,200,2020-06-19T13:25:54Z,liveness-check,http://172.17.0.9:8081
title,info,Liveness check performed,title-v1-6c9f679468-k6xqm,GET,OK,200,2020-06-19T13:26:24Z,liveness-check,http://172.17.0.7:8081
title,info,Liveness check performed,title-v3-664c9b949b-cpt8j,GET,OK,200,2020-06-19T13:26:24Z,liveness-check,http://172.17.0.9:8081
title,info,Liveness check performed,title-v1-6c9f679468-k6xqm,GET,OK,200,2020-06-19T13:26:54Z,liveness-check,http://172.17.0.7:8081
title,info,Liveness check performed,title-v3-664c9b949b-cpt8j,GET,OK,200,2020-06-19T13:26:54Z,liveness-check,http://172.17.0.9:8081
title,info,Liveness check performed,title-v1-6c9f679468-k6xqm,GET,OK,200,2020-06-19T13:27:24Z,liveness-check,http://172.17.0.7:8081
title,info,Liveness check performed,title-v3-664c9b949b-cpt8j,GET,OK,200,2020-06-19T13:27:24Z,liveness-check,http://172.17.0.9:8081
title,info,Liveness check performed,title-v1-6c9f679468-k6xqm,GET,OK,200,2020-06-19T13:27:54Z,liveness-check,http://172.17.0.7:8081
title,info,Liveness check performed,title-v3-664c9b949b-cpt8j,GET,OK,200,2020-06-19T13:27:54Z,liveness-check,http://172.17.0.9:8081
title,info,Liveness check performed,title-v1-6c9f679468-k6xqm,GET,OK,200,2020-06-19T13:28:24Z,liveness-check,http://172.17.0.7:8081
title,info,Liveness check performed,title-v3-664c9b949b-cpt8j,GET,OK,200,2020-06-19T13:28:24Z,liveness-check,http://172.17.0.9:8081
title,info,Liveness check performed,title-v1-6c9f679468-k6xqm,GET,OK,200,2020-06-19T13:28:54Z,liveness-check,http://172.17.0.7:8081
title,info,Liveness check performed,title-v3-664c9b949b-cpt8j,GET,OK,200,2020-06-19T13:28:54Z,liveness-check,http://172.17.0.9:8081
